session_id,user_id,timestamp,action,price,product_category,purchase
1,103,2022-11-01 10:00:41,add_to_cart,187.89,Fashion,0
2,271,2022-10-13 18:14:41,click,27.43,Toys,0
3,107,2022-05-24 22:39:31,view,178.22,Toys,0
4,72,2022-01-19 18:11:21,click,465.0,Electronics,0
5,189,2022-01-18 19:02:56,view,192.72,Fashion,0
6,21,2022-09-14 17:49:34,view,416.53,Fashion,0
7,103,2022-03-19 07:16:00,add_to_cart,421.95,Fashion,0
8,122,2022-06-24 04:53:53,view,189.75,Toys,0
9,215,2022-07-13 04:43:34,view,317.83,Automotive,0
10,88,2022-04-23 22:22:12,click,52.21,Automotive,0
11,100,2022-04-24 13:38:24,add_to_cart,56.32,Sports,1
12,152,2022-08-10 11:33:41,click,29.09,Automotive,0
13,131,2022-06-15 21:27:11,view,292.6,Home,0
14,150,2022-11-15 18:59:48,click,215.91,Toys,0
15,258,2022-05-12 04:26:54,view,276.28,Fashion,0
16,294,2022-09-21 09:22:35,click,262.93,Automotive,0
17,192,2022-02-24 11:13:10,purchase,178.35,Toys,1
18,277,2022-12-25 06:35:11,click,340.35,Automotive,0
19,161,2022-05-11 16:06:33,add_to_cart,380.46,Electronics,1
20,22,2022-10-15 20:44:56,view,12.24,Fashion,0
21,253,2022-09-23 07:33:33,click,107.58,Electronics,1
22,236,2022-06-11 16:03:04,add_to_cart,358.05,Fashion,1
23,49,2022-03-28 02:03:41,view,196.38,Toys,0
24,59,2022-02-24 04:55:27,add_to_cart,332.93,Sports,1
25,170,2022-10-15 01:12:38,view,176.75,Automotive,0
26,188,2022-06-27 18:05:08,click,198.42,Automotive,0
27,271,2022-12-15 08:55:17,add_to_cart,83.55,Home,0
28,190,2022-01-08 08:51:50,click,132.82,Electronics,1
29,175,2022-11-17 15:29:14,view,304.68,Automotive,0
30,51,2022-11-09 17:20:38,click,219.42,Toys,0
31,55,2022-09-04 08:09:31,click,388.28,Sports,0
32,244,2022-11-19 14:18:21,add_to_cart,427.03,Toys,0
33,131,2022-09-12 16:55:46,view,273.11,Electronics,0
34,135,2022-11-24 10:41:07,view,380.34,Home,0
35,21,2022-02-23 04:53:45,click,156.92,Automotive,0
36,167,2022-09-06 09:24:53,view,210.41,Toys,0
37,274,2022-08-27 21:12:09,click,357.82,Fashion,0
38,89,2022-08-17 08:36:47,click,196.17,Sports,0
39,14,2022-03-08 10:58:52,add_to_cart,296.31,Toys,0
40,242,2022-02-20 15:04:13,click,96.76,Sports,0
41,265,2022-04-07 03:25:23,click,301.89,Automotive,1
42,53,2022-04-02 20:22:59,view,431.45,Fashion,0
43,92,2022-09-21 03:56:50,view,434.98,Home,0
44,264,2022-10-18 04:34:16,view,363.55,Home,0
45,35,2022-04-06 08:42:47,view,374.15,Fashion,0
46,206,2022-03-29 15:10:24,click,281.17,Sports,0
47,81,2022-03-19 02:48:26,click,294.41,Automotive,0
48,50,2022-10-15 18:53:28,click,71.16,Toys,1
49,2,2022-04-30 20:04:00,add_to_cart,224.71,Fashion,1
50,54,2022-10-29 17:51:55,purchase,228.13,Electronics,1
51,106,2022-06-14 19:14:09,add_to_cart,479.46,Sports,0
52,260,2022-07-01 19:36:27,click,218.39,Home,0
53,191,2022-08-11 02:59:16,click,276.92,Fashion,0
54,218,2022-11-07 18:53:31,view,268.96,Home,0
55,44,2022-01-07 10:06:18,view,320.2,Sports,0
56,162,2022-11-26 01:10:55,view,375.38,Home,0
57,202,2022-09-20 04:01:24,add_to_cart,116.4,Fashion,0
58,270,2022-06-10 15:42:29,add_to_cart,266.72,Sports,1
59,271,2022-05-31 09:35:03,view,413.83,Electronics,0
60,215,2022-03-26 20:29:54,view,234.24,Fashion,0
61,252,2022-05-27 12:31:53,add_to_cart,142.84,Toys,1
62,190,2022-04-22 20:34:29,view,329.08,Automotive,0
63,296,2022-02-05 01:27:29,view,412.76,Fashion,0
64,213,2022-10-12 05:20:01,add_to_cart,36.25,Sports,1
65,208,2022-07-07 16:16:16,view,389.51,Automotive,0
66,237,2022-03-23 02:41:26,view,411.72,Fashion,0
67,53,2022-01-02 14:49:23,click,233.45,Electronics,0
68,280,2022-10-30 00:11:01,add_to_cart,491.74,Electronics,1
69,217,2022-07-16 12:27:23,click,394.42,Toys,0
70,252,2022-01-11 16:56:03,view,387.96,Home,0
71,188,2022-08-22 11:53:48,view,375.18,Automotive,0
72,41,2022-07-14 13:30:04,view,79.55,Sports,0
73,157,2022-04-29 02:55:26,click,112.53,Sports,0
74,15,2022-01-20 19:08:30,click,234.68,Home,0
75,65,2022-09-18 07:06:32,view,135.68,Electronics,0
76,9,2022-10-20 08:03:02,add_to_cart,210.54,Electronics,1
77,129,2022-09-13 00:03:27,view,444.79,Fashion,0
78,136,2022-08-10 19:03:39,view,413.04,Toys,0
79,63,2022-08-14 08:08:48,view,316.87,Automotive,0
80,139,2022-02-22 12:54:39,view,429.77,Toys,0
81,81,2022-12-21 05:35:03,click,392.97,Toys,0
82,163,2022-12-08 11:04:51,click,217.35,Fashion,0
83,289,2022-12-30 02:59:14,view,104.53,Toys,0
84,261,2022-10-07 22:37:17,click,259.53,Home,0
85,231,2022-03-22 20:16:22,view,369.43,Fashion,0
86,41,2022-07-21 15:32:02,click,221.03,Home,1
87,28,2022-06-07 13:23:51,add_to_cart,335.05,Fashion,0
88,135,2022-04-30 08:08:21,view,51.69,Toys,0
89,201,2022-02-28 17:25:11,click,375.26,Home,0
90,268,2022-08-03 11:28:43,view,407.29,Home,0
91,33,2022-05-08 05:12:32,view,354.88,Home,0
92,48,2022-08-12 22:50:05,view,483.8,Fashion,0
93,62,2022-07-28 03:43:15,click,414.19,Sports,0
94,216,2022-04-25 23:52:37,click,452.03,Toys,0
95,293,2022-07-28 15:37:53,view,467.12,Home,0
96,99,2022-01-14 01:21:35,add_to_cart,401.67,Automotive,0
97,172,2022-01-09 21:15:59,click,338.76,Sports,0
98,214,2022-02-09 02:58:19,add_to_cart,7.83,Automotive,0
99,35,2022-08-25 18:04:21,click,235.58,Toys,0
100,227,2022-10-08 02:41:55,click,287.73,Toys,1
101,101,2022-12-25 05:19:29,view,155.49,Home,0
102,131,2022-07-20 04:29:23,view,162.46,Home,0
103,257,2022-09-03 01:36:22,purchase,480.77,Fashion,1
104,5,2022-10-05 23:25:28,view,446.4,Sports,0
105,218,2022-08-23 09:53:05,purchase,425.34,Sports,1
106,255,2022-01-04 08:31:22,click,205.98,Home,0
107,283,2022-06-03 13:17:44,view,11.78,Toys,0
108,207,2022-01-29 23:26:56,view,44.71,Home,0
109,15,2022-04-19 15:18:34,view,159.54,Toys,0
110,42,2022-04-08 10:34:27,add_to_cart,12.79,Toys,0
111,179,2022-08-03 11:51:25,view,13.49,Home,0
112,63,2022-10-20 05:01:13,view,458.72,Electronics,0
113,231,2022-03-16 10:00:35,view,354.55,Sports,0
114,241,2022-11-22 18:02:57,view,157.93,Automotive,0
115,52,2022-05-26 23:09:22,view,70.66,Toys,0
116,96,2022-05-08 18:10:50,view,258.26,Toys,0
117,222,2022-12-07 02:53:02,add_to_cart,7.65,Electronics,1
118,231,2022-02-11 01:13:57,view,469.51,Automotive,0
119,237,2022-12-22 19:42:51,view,210.33,Fashion,0
120,143,2022-02-10 17:56:52,view,204.16,Electronics,0
121,171,2022-02-03 17:12:09,view,198.34,Automotive,0
122,29,2022-01-17 03:25:29,purchase,39.32,Electronics,1
123,36,2022-06-14 06:59:29,click,320.97,Toys,0
124,13,2022-06-02 09:36:34,view,367.84,Sports,0
125,160,2022-03-17 21:22:37,click,339.68,Electronics,0
126,187,2022-03-28 16:50:31,view,73.53,Fashion,0
127,243,2022-04-27 12:30:33,view,291.53,Home,0
128,86,2022-12-28 17:32:13,purchase,286.89,Automotive,1
129,284,2022-12-08 20:19:25,click,434.86,Electronics,0
130,66,2022-01-27 20:31:01,purchase,192.67,Electronics,1
131,170,2022-11-09 14:31:30,view,188.89,Fashion,0
132,45,2022-10-14 08:49:10,click,311.17,Sports,0
133,62,2022-05-14 11:14:21,view,318.37,Electronics,0
134,134,2022-08-07 20:30:00,view,237.3,Electronics,0
135,284,2022-06-17 21:43:42,add_to_cart,224.31,Sports,0
136,28,2022-04-08 06:43:46,view,249.6,Fashion,0
137,108,2022-09-25 01:52:01,add_to_cart,431.22,Automotive,0
138,44,2022-08-25 15:35:54,click,233.28,Automotive,0
139,286,2022-11-05 05:43:29,view,470.27,Electronics,0
140,128,2022-06-22 14:28:50,click,254.48,Sports,0
141,231,2022-07-09 20:15:09,click,474.85,Electronics,0
142,190,2022-05-02 15:20:49,view,417.25,Home,0
143,225,2022-02-15 13:34:55,add_to_cart,184.4,Automotive,0
144,283,2022-03-05 01:34:16,click,432.5,Toys,1
145,121,2022-05-10 20:42:00,view,59.48,Home,0
146,116,2022-11-06 17:42:20,click,462.9,Electronics,0
147,233,2022-12-29 17:51:49,purchase,317.66,Fashion,1
148,259,2022-07-12 08:19:44,view,31.92,Automotive,0
149,198,2022-11-03 20:30:22,add_to_cart,323.91,Toys,1
150,137,2022-06-30 01:38:21,view,487.25,Home,0
151,165,2022-10-19 08:45:52,click,39.55,Automotive,0
152,225,2022-10-09 08:37:35,click,279.57,Sports,0
153,234,2022-01-29 10:28:05,view,375.16,Fashion,0
154,172,2022-05-29 20:32:45,view,406.08,Home,0
155,152,2022-09-24 04:05:16,click,209.84,Sports,0
156,160,2022-10-23 03:05:38,view,106.06,Electronics,0
157,96,2022-01-11 09:48:18,click,25.96,Sports,0
158,233,2022-06-13 14:11:52,view,291.96,Home,0
159,180,2022-04-23 06:30:29,add_to_cart,229.19,Home,0
160,113,2022-07-06 13:56:40,click,474.63,Electronics,1
161,52,2022-10-22 19:48:28,add_to_cart,35.0,Sports,1
162,268,2022-08-20 13:24:04,view,344.27,Sports,0
163,295,2022-08-15 04:49:07,click,17.36,Electronics,0
164,113,2022-11-06 04:42:00,click,89.86,Sports,1
165,101,2022-04-08 08:50:22,view,229.52,Automotive,0
166,113,2022-02-24 12:57:39,view,230.16,Electronics,0
167,81,2022-04-21 11:08:28,view,344.42,Fashion,0
168,187,2022-06-01 02:12:47,click,455.56,Home,0
169,113,2022-09-03 03:17:51,click,321.32,Fashion,0
170,2,2022-03-10 21:30:52,view,477.0,Automotive,0
171,130,2022-11-08 20:37:50,click,441.4,Automotive,0
172,220,2022-10-16 09:20:13,view,294.33,Toys,0
173,54,2022-09-07 07:49:39,view,417.73,Toys,0
174,224,2022-02-05 14:29:48,purchase,323.08,Toys,1
175,225,2022-08-27 15:18:19,add_to_cart,43.89,Electronics,0
176,126,2022-05-28 09:47:42,click,371.58,Sports,0
177,130,2022-08-15 21:43:33,view,51.98,Automotive,0
178,53,2022-09-01 05:04:28,click,299.07,Fashion,0
179,172,2022-12-03 21:37:46,view,352.81,Fashion,0
180,218,2022-12-31 23:57:49,view,37.93,Fashion,0
181,160,2022-07-20 16:49:05,view,119.24,Fashion,0
182,198,2022-06-03 20:02:26,click,458.26,Toys,0
183,247,2022-03-14 19:59:26,click,310.08,Fashion,0
184,203,2022-07-20 11:05:22,view,126.91,Sports,0
185,184,2022-10-23 22:02:44,click,346.89,Toys,0
186,123,2022-01-17 11:55:13,add_to_cart,300.4,Fashion,0
187,255,2022-05-09 15:27:57,view,253.28,Electronics,0
188,294,2022-08-05 13:50:41,click,488.21,Home,0
189,280,2022-03-02 12:52:12,add_to_cart,343.31,Home,0
190,98,2022-04-14 06:57:12,view,190.84,Home,0
191,198,2022-02-11 10:30:46,view,401.04,Toys,0
192,240,2022-01-25 16:31:14,click,442.87,Fashion,0
193,144,2022-02-08 12:28:56,click,66.98,Automotive,0
194,97,2022-10-18 08:16:34,add_to_cart,104.27,Automotive,0
195,201,2022-05-11 17:06:28,view,112.03,Automotive,0
196,124,2022-08-17 19:43:04,purchase,347.15,Toys,1
197,187,2022-04-18 13:58:51,view,303.5,Sports,0
198,259,2022-06-21 07:49:01,view,311.4,Electronics,1
199,148,2022-04-12 02:31:14,click,470.68,Electronics,0
200,252,2022-12-20 01:46:46,view,389.08,Home,0
201,147,2022-01-12 06:28:11,view,68.33,Home,0
202,148,2022-10-02 11:32:48,view,177.02,Automotive,0
203,199,2022-04-11 13:00:51,view,220.52,Automotive,0
204,128,2022-02-13 15:13:43,view,201.0,Home,0
205,39,2022-11-01 06:28:32,purchase,336.31,Fashion,1
206,129,2022-01-17 11:58:28,view,446.49,Sports,0
207,267,2022-11-26 18:35:18,click,156.5,Sports,1
208,151,2022-02-26 09:29:31,click,278.18,Sports,0
209,298,2022-11-07 11:36:19,add_to_cart,395.76,Sports,1
210,99,2022-10-30 19:07:08,view,211.03,Home,0
211,263,2022-01-12 03:26:51,add_to_cart,88.22,Electronics,0
212,252,2022-11-14 15:50:09,click,240.1,Home,0
213,144,2022-03-21 04:17:02,click,32.34,Sports,1
214,112,2022-08-04 11:47:48,click,471.48,Home,0
215,60,2022-12-05 08:59:31,add_to_cart,42.04,Sports,0
216,2,2022-09-21 15:50:22,view,222.04,Toys,0
217,254,2022-05-29 19:47:09,click,267.29,Automotive,0
218,140,2022-03-22 14:13:16,click,492.73,Electronics,0
219,37,2022-08-03 22:19:14,click,87.18,Toys,0
220,160,2022-07-17 07:25:15,purchase,61.64,Fashion,1
221,9,2022-07-19 07:40:05,view,9.31,Home,0
222,233,2022-01-25 08:39:34,purchase,82.01,Fashion,1
223,99,2022-03-30 02:45:56,view,107.6,Home,0
224,147,2022-09-25 21:12:53,view,317.14,Automotive,0
225,208,2022-05-23 19:14:12,view,113.75,Toys,0
226,131,2022-02-28 17:12:29,view,15.16,Automotive,0
227,152,2022-12-31 17:24:06,click,414.18,Sports,0
228,54,2022-01-26 19:26:57,view,185.97,Automotive,0
229,120,2022-02-16 17:30:37,view,180.08,Automotive,0
230,161,2022-10-15 01:49:08,add_to_cart,154.73,Sports,1
231,116,2022-09-23 20:21:34,add_to_cart,487.81,Home,1
232,75,2022-01-16 06:26:17,add_to_cart,89.21,Sports,0
233,113,2022-07-18 06:40:22,add_to_cart,449.63,Toys,1
234,104,2022-10-09 01:32:22,click,389.52,Automotive,0
235,254,2022-03-27 16:47:08,view,42.86,Sports,0
236,227,2022-09-07 06:19:00,view,493.43,Automotive,0
237,112,2022-09-27 16:29:13,click,139.33,Toys,0
238,99,2022-12-01 15:42:12,view,53.8,Fashion,0
239,153,2022-04-27 04:27:32,click,415.51,Toys,0
240,194,2022-01-07 13:04:36,view,354.8,Electronics,0
241,163,2022-05-17 14:50:20,view,310.52,Electronics,0
242,208,2022-06-25 00:11:11,click,82.21,Electronics,0
243,169,2022-11-24 00:02:43,click,241.86,Automotive,1
244,161,2022-11-11 11:30:24,click,391.38,Home,0
245,68,2022-08-03 14:55:44,click,155.29,Home,0
246,289,2022-03-23 19:32:11,view,159.29,Home,0
247,277,2022-08-11 02:57:14,view,6.55,Automotive,0
248,135,2022-04-13 01:19:58,add_to_cart,91.25,Toys,1
249,195,2022-09-30 06:13:40,click,438.33,Home,0
250,128,2022-01-14 08:08:20,view,223.66,Fashion,0
251,33,2022-06-08 02:59:09,add_to_cart,492.2,Electronics,1
252,176,2022-06-01 06:58:41,view,200.88,Toys,0
253,22,2022-04-18 10:24:47,view,359.02,Electronics,0
254,238,2022-07-07 09:16:01,view,144.55,Home,0
255,158,2022-10-28 05:53:43,click,185.09,Toys,0
256,38,2022-04-08 20:15:30,click,99.41,Sports,1
257,230,2022-05-11 03:54:16,view,176.8,Fashion,0
258,51,2022-10-20 07:53:00,add_to_cart,275.88,Home,0
259,264,2022-06-20 07:13:55,view,495.93,Home,0
260,283,2022-07-02 08:30:20,view,333.78,Fashion,0
261,27,2022-12-30 05:31:17,view,103.63,Fashion,0
262,226,2022-02-08 15:21:56,view,27.26,Sports,0
263,277,2022-01-15 17:47:21,view,67.55,Home,0
264,286,2022-01-04 14:49:12,click,283.46,Automotive,1
265,97,2022-12-15 08:35:11,add_to_cart,383.75,Home,0
266,284,2022-07-29 09:06:24,click,470.51,Electronics,0
267,147,2022-06-10 00:53:11,view,12.83,Toys,0
268,4,2022-01-16 09:12:40,view,263.77,Toys,0
269,35,2022-04-18 17:57:21,view,238.08,Electronics,0
270,192,2022-11-07 13:48:43,view,329.75,Toys,0
271,49,2022-08-15 01:00:31,click,281.99,Fashion,0
272,17,2022-06-19 01:42:52,view,345.08,Toys,0
273,172,2022-02-03 11:41:20,click,330.75,Toys,0
274,220,2022-09-08 05:38:01,add_to_cart,62.92,Electronics,0
275,158,2022-09-04 07:57:51,view,400.86,Sports,0
276,46,2022-09-26 14:17:11,add_to_cart,66.0,Toys,0
277,6,2022-05-21 07:56:42,click,350.77,Automotive,0
278,99,2022-10-01 14:16:39,click,210.99,Toys,0
279,233,2022-04-06 06:31:12,click,259.36,Sports,0
280,37,2022-08-15 13:40:30,view,452.13,Electronics,0
281,280,2022-02-08 20:26:56,view,445.49,Sports,0
282,181,2022-10-29 01:58:19,view,409.84,Electronics,0
283,95,2022-01-29 07:03:51,view,257.52,Fashion,0
284,99,2022-11-14 15:41:32,click,369.44,Electronics,1
285,188,2022-09-02 13:14:44,view,258.88,Fashion,0
286,116,2022-08-24 08:21:51,add_to_cart,435.46,Fashion,0
287,191,2022-07-04 17:45:36,click,204.37,Electronics,0
288,253,2022-09-29 06:16:54,view,485.27,Automotive,0
289,161,2022-08-24 11:39:51,view,466.5,Home,0
290,256,2022-08-27 19:34:36,add_to_cart,372.09,Electronics,1
291,128,2022-09-23 16:55:20,add_to_cart,143.31,Toys,0
292,18,2022-12-25 17:38:50,click,70.17,Automotive,0
293,281,2022-12-06 10:03:44,view,428.08,Automotive,0
294,223,2022-03-06 02:09:48,view,86.82,Toys,0
295,54,2022-06-26 07:48:02,view,427.86,Home,0
296,58,2022-01-03 21:20:16,view,247.93,Automotive,0
297,174,2022-05-22 23:13:08,click,206.25,Fashion,0
298,280,2022-06-07 04:35:31,click,452.08,Home,0
299,114,2022-11-20 12:27:37,click,303.91,Toys,0
300,288,2022-05-26 02:49:02,add_to_cart,290.42,Home,0
301,151,2022-10-20 13:25:55,click,281.59,Electronics,0
302,127,2022-06-02 02:44:26,view,188.73,Home,0
303,155,2022-07-12 19:27:47,view,393.89,Fashion,1
304,273,2022-03-14 17:47:07,add_to_cart,130.14,Electronics,1
305,104,2022-11-01 16:05:06,view,469.75,Sports,0
306,299,2022-12-10 07:48:58,add_to_cart,447.52,Toys,0
307,246,2022-05-20 08:19:16,add_to_cart,172.05,Toys,1
308,176,2022-07-06 21:11:35,view,366.08,Home,0
309,39,2022-10-20 01:30:39,click,288.75,Automotive,0
310,170,2022-03-02 13:07:21,add_to_cart,172.14,Electronics,1
311,247,2022-07-17 11:48:53,click,494.32,Sports,0
312,26,2022-10-22 07:51:10,add_to_cart,17.49,Electronics,1
313,13,2022-11-15 21:53:35,add_to_cart,130.06,Toys,1
314,36,2022-10-29 10:54:39,view,262.44,Electronics,0
315,173,2022-12-10 06:38:08,view,263.37,Sports,0
316,20,2022-01-11 04:53:50,add_to_cart,296.52,Automotive,1
317,264,2022-03-03 16:57:43,click,377.08,Home,0
318,142,2022-11-29 09:45:44,view,313.62,Fashion,0
319,143,2022-08-14 14:29:21,view,302.14,Electronics,0
320,92,2022-06-02 21:29:20,click,31.49,Fashion,1
321,288,2022-07-18 14:09:39,add_to_cart,191.38,Toys,1
322,215,2022-02-21 01:56:19,add_to_cart,119.87,Home,1
323,51,2022-09-17 07:16:29,click,136.36,Home,0
324,153,2022-02-28 11:50:00,view,279.4,Electronics,0
325,186,2022-03-13 16:32:40,view,103.76,Automotive,0
326,63,2022-05-28 21:40:40,add_to_cart,150.5,Home,0
327,190,2022-12-15 17:05:58,view,122.36,Electronics,0
328,125,2022-03-04 23:56:45,view,474.51,Electronics,0
329,150,2022-11-06 01:55:10,view,472.61,Fashion,0
330,58,2022-08-31 16:01:53,click,306.92,Home,0
331,180,2022-11-26 13:00:57,add_to_cart,462.64,Electronics,0
332,170,2022-04-17 09:42:44,view,393.98,Fashion,0
333,271,2022-08-14 23:47:47,view,297.02,Sports,0
334,54,2022-11-09 07:00:27,click,8.19,Fashion,0
335,101,2022-08-06 01:39:38,purchase,387.4,Fashion,1
336,264,2022-08-29 04:45:53,view,352.73,Electronics,0
337,53,2022-09-16 16:36:05,view,309.55,Toys,0
338,60,2022-09-19 10:51:11,view,381.41,Toys,0
339,108,2022-01-05 19:18:39,add_to_cart,258.9,Automotive,0
340,5,2022-09-18 02:38:23,view,353.52,Toys,0
341,103,2022-02-23 16:51:43,view,467.91,Fashion,0
342,196,2022-02-16 17:52:59,click,191.02,Automotive,0
343,262,2022-08-03 16:04:26,click,355.52,Electronics,1
344,47,2022-06-26 04:41:45,view,240.47,Home,0
345,144,2022-01-09 12:43:58,add_to_cart,338.83,Fashion,0
346,269,2022-04-09 16:11:19,view,382.63,Fashion,0
347,124,2022-01-20 07:26:46,click,27.5,Automotive,0
348,106,2022-08-29 12:30:00,view,325.07,Electronics,0
349,158,2022-03-02 06:09:28,click,117.24,Sports,0
350,147,2022-06-27 19:28:39,view,336.67,Fashion,0
351,145,2022-12-04 10:45:14,add_to_cart,236.82,Sports,0
352,120,2022-03-03 15:01:33,click,387.91,Sports,0
353,275,2022-05-25 15:23:39,click,66.08,Toys,0
354,92,2022-08-04 13:39:05,click,315.03,Electronics,0
355,58,2022-01-03 21:30:25,click,142.84,Sports,0
356,229,2022-06-09 21:36:51,view,427.23,Electronics,0
357,117,2022-08-15 00:41:01,view,464.55,Toys,0
358,279,2022-09-26 03:58:11,add_to_cart,498.22,Electronics,1
359,127,2022-04-30 13:00:04,view,399.02,Fashion,0
360,129,2022-03-30 21:22:51,click,378.1,Sports,1
361,58,2022-11-25 18:02:26,purchase,111.67,Electronics,1
362,122,2022-03-09 23:21:20,view,171.32,Home,0
363,1,2022-12-23 17:02:12,click,235.51,Electronics,0
364,239,2022-04-08 21:36:34,view,387.82,Sports,0
365,290,2022-09-24 08:34:01,click,457.91,Toys,0
366,96,2022-04-15 13:32:38,view,98.62,Toys,0
367,126,2022-11-19 21:11:12,view,461.57,Sports,0
368,118,2022-05-03 10:27:23,click,349.33,Fashion,0
369,48,2022-01-29 14:00:08,add_to_cart,307.33,Fashion,0
370,89,2022-05-17 12:12:30,click,103.92,Toys,0
371,237,2022-07-14 15:47:29,click,32.48,Toys,0
372,272,2022-08-14 07:47:24,view,286.39,Sports,0
373,189,2022-11-28 04:26:37,click,327.5,Fashion,0
374,192,2022-06-19 22:09:11,view,109.34,Toys,0
375,69,2022-01-09 06:38:31,add_to_cart,280.45,Fashion,0
376,278,2022-02-09 15:25:33,add_to_cart,428.96,Toys,1
377,247,2022-01-25 22:56:06,click,418.36,Electronics,0
378,76,2022-09-18 04:02:51,add_to_cart,464.04,Home,0
379,154,2022-08-14 16:05:41,view,186.11,Automotive,0
380,144,2022-05-04 16:06:45,click,162.43,Electronics,0
381,86,2022-02-07 23:57:30,view,375.97,Automotive,0
382,185,2022-11-24 16:18:32,add_to_cart,218.4,Toys,0
383,285,2022-09-08 12:05:41,view,48.34,Home,0
384,220,2022-06-25 06:29:47,click,144.99,Home,0
385,69,2022-03-31 13:35:08,add_to_cart,212.2,Toys,1
386,47,2022-02-06 23:44:17,view,149.8,Toys,0
387,94,2022-11-12 03:37:37,view,169.44,Fashion,0
388,238,2022-06-25 17:47:08,click,150.42,Toys,1
389,204,2022-10-11 15:28:51,view,25.54,Sports,0
390,218,2022-03-22 06:54:18,view,320.36,Toys,0
391,39,2022-04-24 13:31:29,view,300.66,Sports,0
392,100,2022-02-09 12:23:58,view,328.42,Toys,0
393,289,2022-10-28 12:54:46,add_to_cart,100.19,Fashion,1
394,254,2022-08-12 05:42:47,click,151.35,Sports,1
395,222,2022-11-14 08:15:39,view,311.71,Electronics,0
396,23,2022-12-15 16:03:24,view,301.82,Sports,0
397,250,2022-04-25 01:02:34,view,255.63,Fashion,0
398,10,2022-07-05 07:30:44,view,178.45,Automotive,0
399,246,2022-11-19 18:41:00,view,456.9,Sports,1
400,100,2022-02-25 18:35:12,view,173.19,Toys,0
401,290,2022-02-09 02:25:06,view,230.53,Toys,1
402,180,2022-12-20 02:28:14,click,340.67,Automotive,0
403,223,2022-02-09 05:00:37,view,273.8,Fashion,0
404,250,2022-12-13 23:19:46,click,176.71,Home,0
405,147,2022-08-25 22:45:42,click,220.64,Toys,0
406,96,2022-10-16 14:20:12,click,398.27,Electronics,0
407,257,2022-09-19 08:15:25,click,142.67,Fashion,0
408,4,2022-08-04 01:38:46,click,75.42,Sports,0
409,16,2022-05-27 02:38:16,add_to_cart,160.02,Sports,1
410,280,2022-12-02 15:40:47,click,425.52,Electronics,0
411,247,2022-06-17 08:16:46,click,49.05,Toys,0
412,258,2022-04-02 11:28:41,add_to_cart,495.89,Fashion,1
413,160,2022-12-19 18:04:55,click,272.8,Electronics,0
414,152,2022-02-28 06:17:36,view,492.5,Toys,0
415,178,2022-02-28 15:19:07,view,469.8,Fashion,0
416,163,2022-10-31 13:47:46,view,229.14,Sports,0
417,33,2022-06-18 22:52:48,add_to_cart,103.25,Fashion,1
418,179,2022-09-26 10:46:27,click,86.62,Automotive,0
419,101,2022-12-29 17:29:06,add_to_cart,123.79,Home,0
420,268,2022-02-14 06:02:07,click,356.52,Fashion,0
421,65,2022-12-11 18:54:16,view,140.11,Home,0
422,168,2022-06-30 00:51:21,view,174.01,Fashion,0
423,43,2022-06-19 09:29:56,click,227.15,Home,0
424,44,2022-12-22 10:12:15,click,457.05,Automotive,0
425,285,2022-07-10 22:15:02,purchase,98.75,Sports,1
426,12,2022-06-04 22:06:18,view,7.49,Toys,0
427,95,2022-07-07 07:04:58,click,34.75,Home,1
428,253,2022-01-07 21:21:05,click,452.86,Automotive,0
429,242,2022-05-13 08:47:36,click,325.52,Home,0
430,35,2022-08-23 18:48:15,click,140.16,Sports,0
431,215,2022-02-14 10:31:40,click,92.71,Home,1
432,90,2022-11-10 23:34:59,view,150.66,Automotive,0
433,264,2022-09-06 13:15:01,click,61.82,Automotive,0
434,93,2022-01-31 05:17:13,click,471.06,Electronics,0
435,90,2022-01-23 03:00:05,add_to_cart,393.18,Sports,0
436,115,2022-06-09 09:57:31,add_to_cart,233.88,Electronics,0
437,105,2022-12-29 07:27:12,view,433.16,Sports,0
438,196,2022-06-07 17:37:17,view,128.48,Home,0
439,114,2022-02-08 03:52:24,purchase,359.97,Automotive,1
440,75,2022-03-23 05:31:13,click,428.79,Electronics,0
441,217,2022-12-22 11:12:52,add_to_cart,181.6,Home,1
442,277,2022-09-15 04:16:19,view,379.94,Automotive,0
443,249,2022-07-25 10:12:31,click,151.06,Sports,1
444,164,2022-03-18 01:25:10,add_to_cart,152.93,Automotive,1
445,192,2022-01-12 15:05:41,add_to_cart,57.99,Home,1
446,227,2022-10-22 03:21:27,view,222.83,Electronics,0
447,177,2022-08-12 06:36:02,click,366.21,Electronics,1
448,99,2022-01-13 22:56:57,click,470.41,Automotive,0
449,36,2022-02-15 02:39:56,view,303.88,Home,0
450,96,2022-06-04 05:05:13,click,432.25,Fashion,0
451,152,2022-04-23 18:29:09,click,412.13,Sports,0
452,151,2022-08-21 06:35:05,add_to_cart,90.8,Sports,1
453,190,2022-01-17 18:42:44,view,245.48,Home,0
454,224,2022-12-26 20:24:05,view,62.88,Fashion,0
455,37,2022-08-11 21:50:45,view,342.67,Electronics,0
456,268,2022-12-20 00:33:43,view,475.2,Toys,0
457,183,2022-07-07 16:36:36,view,72.86,Toys,0
458,13,2022-12-10 22:14:33,click,368.27,Home,0
459,279,2022-12-31 17:53:49,view,317.96,Fashion,0
460,217,2022-06-12 17:07:07,add_to_cart,293.88,Fashion,1
461,286,2022-11-22 09:24:08,purchase,198.11,Sports,1
462,273,2022-03-15 10:30:04,click,180.79,Electronics,0
463,62,2022-08-21 04:16:19,add_to_cart,27.4,Automotive,1
464,84,2022-08-12 16:34:24,click,112.86,Fashion,0
465,217,2022-11-15 07:42:46,click,12.51,Automotive,1
466,187,2022-03-01 18:54:59,view,292.8,Toys,0
467,19,2022-12-01 10:01:00,view,57.4,Automotive,0
468,177,2022-08-10 19:12:02,click,437.14,Electronics,0
469,100,2022-02-06 04:28:07,add_to_cart,263.96,Electronics,1
470,233,2022-10-05 13:34:28,view,351.35,Automotive,0
471,76,2022-07-15 06:27:05,add_to_cart,208.37,Home,0
472,265,2022-12-18 01:50:43,click,282.49,Fashion,0
473,284,2022-08-30 10:12:07,view,471.62,Home,0
474,206,2022-11-20 03:03:25,purchase,45.95,Automotive,1
475,223,2022-08-07 18:14:57,click,130.7,Fashion,0
476,52,2022-07-11 04:27:09,view,391.09,Sports,0
477,144,2022-01-17 03:57:06,click,53.87,Home,1
478,69,2022-01-12 17:40:46,view,42.45,Home,0
479,99,2022-07-12 16:50:03,click,183.96,Automotive,0
480,25,2022-01-22 07:58:51,view,50.62,Toys,0
481,53,2022-04-30 19:08:46,view,294.61,Automotive,0
482,151,2022-07-29 01:39:57,purchase,117.01,Home,1
483,144,2022-11-02 15:25:06,click,448.37,Fashion,0
484,57,2022-09-27 21:43:49,view,392.83,Toys,0
485,39,2022-07-11 13:50:15,view,351.35,Automotive,0
486,109,2022-06-24 11:41:32,add_to_cart,310.39,Automotive,1
487,181,2022-10-12 17:22:19,view,432.42,Home,0
488,42,2022-07-23 18:21:17,view,115.42,Home,0
489,186,2022-06-13 06:03:37,view,437.19,Sports,1
490,223,2022-09-08 10:31:01,view,395.8,Automotive,0
491,122,2022-08-15 03:43:48,add_to_cart,375.34,Home,1
492,133,2022-01-07 12:12:14,click,282.82,Electronics,0
493,163,2022-01-29 02:50:58,view,126.89,Toys,0
494,215,2022-02-02 16:02:55,click,214.66,Electronics,0
495,221,2022-05-14 22:39:40,view,397.82,Toys,0
496,235,2022-03-20 01:31:09,purchase,20.73,Automotive,1
497,146,2022-02-27 08:00:54,purchase,392.12,Sports,1
498,239,2022-01-26 01:44:16,view,123.84,Home,0
499,76,2022-08-14 21:10:56,add_to_cart,76.43,Home,0
500,9,2022-10-12 09:25:37,click,62.27,Home,0
501,74,2022-01-04 00:27:31,view,18.49,Automotive,0
502,253,2022-04-09 13:58:08,view,264.18,Toys,0
503,230,2022-02-08 23:32:10,view,113.04,Home,0
504,7,2022-09-28 06:57:31,click,494.77,Electronics,0
505,174,2022-10-12 07:36:26,purchase,289.35,Home,1
506,141,2022-06-06 20:50:54,click,73.25,Automotive,1
507,168,2022-03-16 04:29:44,add_to_cart,345.94,Sports,0
508,170,2022-10-15 09:23:07,click,449.38,Electronics,0
509,283,2022-05-10 06:00:21,add_to_cart,373.86,Home,1
510,122,2022-06-24 20:59:24,click,42.84,Home,0
511,194,2022-03-25 21:39:44,view,448.46,Fashion,0
512,5,2022-01-22 16:36:32,click,398.0,Toys,0
513,29,2022-01-27 12:34:13,add_to_cart,83.36,Electronics,1
514,165,2022-07-14 09:27:31,view,30.63,Fashion,0
515,136,2022-12-03 13:50:11,add_to_cart,280.87,Sports,0
516,145,2022-08-24 08:27:27,view,82.24,Toys,0
517,217,2022-04-02 23:18:50,click,418.12,Electronics,1
518,132,2022-01-21 08:24:14,add_to_cart,182.38,Home,0
519,292,2022-10-30 23:20:45,view,456.88,Electronics,0
520,70,2022-12-23 15:56:58,view,285.02,Home,0
521,252,2022-03-25 04:01:12,view,95.42,Toys,0
522,275,2022-09-19 00:57:51,add_to_cart,74.1,Home,0
523,182,2022-05-27 02:18:49,view,290.35,Sports,0
524,167,2022-09-14 09:41:05,add_to_cart,382.13,Automotive,1
525,91,2022-02-27 13:00:50,view,391.85,Home,0
526,202,2022-01-15 15:03:40,purchase,141.5,Sports,1
527,19,2022-06-11 01:46:37,purchase,106.1,Automotive,1
528,39,2022-06-12 09:52:05,view,13.29,Toys,0
529,126,2022-11-16 14:44:32,click,341.2,Toys,0
530,173,2022-10-08 23:17:00,view,42.9,Electronics,0
531,141,2022-10-07 23:28:50,click,213.28,Sports,0
532,242,2022-01-12 06:28:04,view,302.83,Sports,0
533,220,2022-10-01 17:02:10,view,468.87,Fashion,1
534,126,2022-09-28 23:09:29,view,159.34,Fashion,0
535,58,2022-07-27 06:58:42,view,128.64,Automotive,0
536,148,2022-01-27 19:35:53,view,328.81,Automotive,0
537,1,2022-03-13 22:45:06,click,311.52,Fashion,0
538,190,2022-03-01 17:26:52,purchase,169.39,Automotive,1
539,191,2022-05-25 02:13:19,view,464.41,Home,0
540,117,2022-04-03 06:13:56,click,423.21,Fashion,0
541,134,2022-11-05 11:56:03,view,115.87,Sports,0
542,58,2022-01-08 00:34:56,add_to_cart,123.38,Home,1
543,44,2022-03-20 07:01:19,add_to_cart,258.59,Automotive,0
544,173,2022-01-27 07:16:41,add_to_cart,387.92,Toys,1
545,160,2022-06-23 05:28:35,purchase,26.8,Electronics,1
546,173,2022-02-19 08:08:29,view,348.2,Fashion,0
547,149,2022-07-18 04:11:18,add_to_cart,325.88,Toys,1
548,80,2022-12-15 15:43:34,click,119.58,Automotive,0
549,213,2022-06-30 01:25:05,view,342.27,Sports,0
550,203,2022-01-24 00:47:19,purchase,470.39,Electronics,1
551,252,2022-11-12 19:08:40,view,28.16,Toys,0
552,229,2022-02-15 12:06:59,click,163.23,Electronics,0
553,164,2022-01-15 11:53:41,view,221.9,Fashion,0
554,227,2022-06-02 03:44:53,view,450.13,Automotive,0
555,147,2022-08-10 04:44:29,click,481.32,Sports,0
556,20,2022-07-25 02:05:31,click,224.84,Automotive,0
557,47,2022-09-30 10:17:31,view,376.26,Electronics,0
558,233,2022-08-24 02:08:56,view,268.17,Toys,0
559,14,2022-12-06 02:08:30,add_to_cart,271.2,Fashion,0
560,143,2022-08-16 18:39:15,view,142.66,Fashion,0
561,1,2022-01-09 03:52:55,view,112.39,Automotive,0
562,54,2022-06-15 17:20:24,add_to_cart,147.56,Toys,1
563,259,2022-11-15 12:40:03,add_to_cart,280.38,Toys,0
564,144,2022-08-02 06:27:32,view,19.43,Electronics,0
565,12,2022-04-27 22:26:37,click,454.09,Automotive,0
566,224,2022-12-10 00:23:51,add_to_cart,82.36,Automotive,0
567,272,2022-03-13 20:43:23,add_to_cart,113.94,Home,1
568,156,2022-03-05 10:24:41,click,261.55,Automotive,0
569,8,2022-07-24 02:39:17,view,356.51,Fashion,0
570,122,2022-07-28 20:49:31,view,52.39,Electronics,0
571,164,2022-03-13 00:02:42,view,162.26,Toys,0
572,90,2022-10-04 09:39:02,click,484.49,Automotive,0
573,136,2022-10-01 05:27:55,view,134.86,Electronics,0
574,186,2022-11-16 20:33:17,click,159.96,Automotive,0
575,178,2022-12-04 04:43:35,view,419.07,Toys,0
576,28,2022-04-05 13:54:17,view,29.86,Sports,0
577,220,2022-06-15 09:03:11,add_to_cart,234.98,Toys,1
578,41,2022-02-01 02:43:53,view,192.91,Toys,0
579,228,2022-01-11 02:11:36,view,161.71,Toys,0
580,192,2022-10-28 09:09:32,add_to_cart,146.42,Automotive,0
581,145,2022-08-05 13:48:53,view,50.23,Home,0
582,201,2022-10-16 11:36:40,click,160.84,Toys,0
583,212,2022-04-12 01:29:07,click,26.31,Fashion,0
584,220,2022-09-24 16:24:23,view,391.58,Fashion,0
585,240,2022-08-02 00:44:03,add_to_cart,202.12,Electronics,1
586,46,2022-06-28 11:19:45,click,224.73,Home,0
587,35,2022-03-29 05:11:21,view,447.33,Electronics,0
588,253,2022-02-10 13:53:46,view,330.74,Fashion,0
589,82,2022-03-17 04:24:52,view,8.99,Fashion,0
590,256,2022-02-15 13:08:19,add_to_cart,471.87,Sports,1
591,197,2022-06-09 04:44:33,view,122.39,Toys,0
592,10,2022-03-21 08:31:22,click,58.27,Fashion,0
593,286,2022-11-06 03:58:09,click,385.22,Automotive,1
594,242,2022-03-27 02:12:07,click,252.74,Automotive,0
595,251,2022-04-02 13:25:30,view,219.72,Electronics,0
596,5,2022-05-28 18:31:47,view,128.5,Electronics,0
597,119,2022-06-10 21:30:54,click,276.0,Toys,0
598,289,2022-07-21 18:10:28,view,140.82,Toys,0
599,65,2022-08-30 14:03:21,view,451.28,Sports,0
600,146,2022-12-19 21:31:05,view,111.53,Home,0
601,224,2022-01-02 00:42:19,view,442.76,Electronics,0
602,239,2022-08-13 06:17:49,add_to_cart,281.91,Toys,1
603,177,2022-10-16 19:42:48,view,415.1,Electronics,0
604,267,2022-08-21 05:44:04,view,357.86,Toys,0
605,282,2022-03-18 05:12:25,view,349.86,Fashion,0
606,63,2022-04-26 07:50:28,click,165.55,Electronics,0
607,217,2022-06-03 09:35:21,click,120.78,Fashion,0
608,283,2022-04-13 07:28:48,view,109.39,Electronics,0
609,177,2022-07-13 05:05:22,click,429.31,Home,1
610,98,2022-06-15 16:01:54,click,411.11,Sports,0
611,105,2022-12-25 17:18:12,add_to_cart,223.08,Automotive,0
612,99,2022-03-31 08:04:15,add_to_cart,70.54,Automotive,1
613,6,2022-06-23 11:54:51,view,194.21,Automotive,1
614,197,2022-05-02 22:45:12,view,311.58,Fashion,0
615,133,2022-05-23 01:49:48,view,229.93,Toys,0
616,259,2022-04-16 01:45:04,view,391.19,Automotive,0
617,23,2022-11-01 02:02:25,purchase,498.82,Home,1
618,53,2022-12-26 08:08:20,view,99.61,Automotive,0
619,165,2022-11-13 06:44:19,view,232.53,Electronics,0
620,202,2022-05-03 04:15:52,click,218.34,Fashion,0
621,83,2022-01-09 09:16:05,click,155.72,Electronics,0
622,145,2022-09-19 05:24:06,view,103.06,Electronics,0
623,85,2022-03-14 00:38:56,view,37.52,Electronics,0
624,78,2022-12-25 17:13:52,view,444.12,Sports,0
625,1,2022-08-11 20:56:55,click,212.83,Sports,1
626,51,2022-02-10 02:05:21,view,250.96,Toys,0
627,173,2022-07-23 19:55:07,view,458.89,Fashion,0
628,205,2022-09-21 06:31:21,click,389.26,Home,0
629,260,2022-11-24 05:07:54,view,69.6,Home,0
630,288,2022-06-27 12:59:20,click,284.88,Home,0
631,34,2022-12-14 15:28:38,view,223.91,Electronics,0
632,95,2022-11-14 12:23:49,view,399.62,Sports,0
633,72,2022-03-25 12:33:52,add_to_cart,363.5,Fashion,1
634,39,2022-11-14 18:39:29,click,346.75,Electronics,0
635,154,2022-04-21 14:04:29,view,173.57,Sports,0
636,250,2022-09-08 21:40:21,click,403.46,Sports,0
637,162,2022-01-07 19:13:04,click,30.93,Automotive,0
638,118,2022-03-25 13:19:05,click,84.01,Automotive,0
639,259,2022-07-27 03:39:00,view,171.13,Fashion,0
640,268,2022-11-10 23:10:57,purchase,43.02,Fashion,1
641,54,2022-01-22 03:59:17,view,121.32,Fashion,0
642,236,2022-01-03 19:04:33,view,415.92,Electronics,0
643,222,2022-05-07 18:13:53,view,474.38,Toys,0
644,251,2022-10-24 21:22:23,view,155.78,Fashion,0
645,112,2022-07-07 21:44:18,add_to_cart,135.94,Automotive,1
646,255,2022-12-28 03:35:24,view,143.55,Toys,0
647,207,2022-01-14 19:14:46,view,142.47,Electronics,0
648,229,2022-01-12 20:34:31,add_to_cart,22.79,Toys,1
649,66,2022-03-28 15:55:26,view,463.82,Home,1
650,75,2022-01-12 08:30:51,view,110.78,Toys,0
651,103,2022-01-25 19:30:02,view,212.9,Fashion,0
652,192,2022-10-28 13:32:57,view,9.8,Electronics,0
653,252,2022-08-31 04:43:14,view,429.69,Fashion,0
654,226,2022-05-02 18:41:03,click,366.92,Automotive,0
655,294,2022-05-27 16:33:54,view,473.64,Home,0
656,98,2022-02-24 03:00:00,view,391.9,Automotive,0
657,286,2022-08-26 10:30:23,click,160.28,Fashion,0
658,249,2022-12-22 17:44:38,click,127.7,Fashion,0
659,166,2022-06-22 05:11:48,view,350.37,Fashion,0
660,30,2022-08-09 03:33:39,click,185.24,Sports,0
661,247,2022-04-29 20:48:25,view,285.28,Home,0
662,106,2022-11-05 17:44:30,view,8.1,Fashion,0
663,51,2022-07-02 02:34:43,click,35.63,Fashion,0
664,81,2022-10-15 08:29:33,view,270.01,Automotive,0
665,133,2022-11-03 21:51:47,add_to_cart,285.21,Automotive,1
666,285,2022-10-27 08:35:33,view,376.97,Fashion,0
667,138,2022-03-23 01:36:14,click,70.32,Electronics,1
668,184,2022-07-30 20:00:55,view,259.03,Sports,0
669,273,2022-05-30 03:03:03,click,101.25,Automotive,0
670,69,2022-02-06 05:02:13,click,51.13,Electronics,0
671,34,2022-12-18 04:08:59,add_to_cart,208.2,Sports,0
672,262,2022-11-08 00:13:01,view,85.85,Fashion,0
673,53,2022-12-27 15:45:00,click,114.78,Home,0
674,205,2022-02-28 07:40:24,click,162.19,Toys,0
675,126,2022-05-11 01:53:43,click,133.4,Toys,0
676,235,2022-07-21 05:08:09,click,48.36,Fashion,0
677,43,2022-08-31 11:06:01,click,49.51,Automotive,0
678,240,2022-02-04 08:05:18,view,100.66,Electronics,0
679,111,2022-04-03 22:43:36,view,30.03,Home,0
680,249,2022-07-26 06:11:03,view,315.1,Sports,0
681,151,2022-12-19 03:46:05,view,147.23,Fashion,0
682,183,2022-11-28 05:39:14,purchase,143.47,Home,1
683,95,2022-11-01 11:55:51,click,169.34,Home,1
684,8,2022-12-16 06:34:08,purchase,333.08,Automotive,1
685,184,2022-08-01 14:05:29,view,435.96,Sports,0
686,281,2022-06-08 11:39:31,add_to_cart,380.75,Home,1
687,195,2022-01-24 05:10:58,add_to_cart,365.13,Automotive,1
688,195,2022-10-20 05:54:13,click,244.77,Electronics,0
689,155,2022-01-04 17:49:26,click,348.43,Automotive,0
690,93,2022-08-08 13:29:23,view,278.62,Electronics,0
691,160,2022-12-30 07:19:50,add_to_cart,112.04,Electronics,0
692,61,2022-01-20 14:19:38,click,108.25,Home,0
693,122,2022-06-01 21:57:05,view,151.71,Automotive,0
694,51,2022-02-19 09:04:18,view,455.85,Electronics,0
695,277,2022-06-26 01:54:12,add_to_cart,275.97,Sports,0
696,5,2022-04-06 00:42:31,add_to_cart,368.28,Home,0
697,92,2022-04-15 19:59:07,purchase,176.55,Automotive,1
698,170,2022-09-07 16:56:41,click,206.82,Automotive,0
699,22,2022-04-27 13:39:19,view,67.15,Toys,0
700,1,2022-12-20 14:21:47,view,89.79,Automotive,0
701,133,2022-08-16 09:14:03,view,414.54,Home,0
702,233,2022-03-07 06:03:20,view,294.5,Sports,0
703,12,2022-12-01 21:05:39,view,172.08,Automotive,0
704,46,2022-09-19 16:03:48,view,402.41,Toys,0
705,34,2022-10-22 02:00:39,view,127.03,Home,0
706,78,2022-08-31 01:51:50,add_to_cart,488.14,Electronics,1
707,218,2022-07-05 05:56:24,view,175.68,Fashion,0
708,73,2022-09-03 05:50:38,add_to_cart,171.97,Fashion,1
709,282,2022-05-05 11:20:46,click,159.4,Electronics,0
710,249,2022-09-25 18:50:21,view,65.45,Automotive,0
711,47,2022-05-11 10:33:11,view,60.01,Fashion,0
712,121,2022-08-25 21:57:37,view,325.81,Fashion,0
713,214,2022-01-18 01:56:11,view,438.18,Electronics,0
714,239,2022-02-09 08:05:39,click,396.31,Automotive,0
715,56,2022-01-21 23:44:05,view,74.85,Automotive,0
716,107,2022-08-13 21:24:27,view,275.06,Electronics,0
717,48,2022-12-21 22:17:37,view,57.27,Automotive,0
718,61,2022-10-09 23:32:22,purchase,27.42,Automotive,1
719,26,2022-01-08 10:28:31,click,329.91,Home,0
720,292,2022-04-10 01:48:50,click,269.9,Home,0
721,257,2022-08-28 03:05:16,view,45.6,Electronics,1
722,8,2022-03-28 18:16:34,click,22.29,Sports,0
723,113,2022-10-25 00:04:42,click,494.93,Fashion,1
724,253,2022-01-14 22:04:33,click,19.86,Home,0
725,180,2022-11-30 00:31:38,purchase,225.04,Fashion,1
726,207,2022-01-02 01:08:55,view,254.79,Toys,0
727,127,2022-10-20 01:50:29,add_to_cart,63.05,Electronics,0
728,56,2022-11-21 23:38:40,add_to_cart,88.69,Sports,0
729,214,2022-02-10 18:03:51,view,179.14,Toys,0
730,14,2022-11-14 09:16:20,view,382.03,Toys,0
731,28,2022-11-12 04:44:31,purchase,256.01,Automotive,1
732,78,2022-04-21 05:34:34,view,320.76,Toys,0
733,216,2022-01-14 18:50:43,click,492.66,Electronics,0
734,154,2022-08-19 11:05:01,purchase,385.16,Home,1
735,14,2022-03-25 03:06:45,click,220.01,Electronics,1
736,187,2022-05-10 15:27:41,view,225.99,Home,0
737,7,2022-08-19 01:38:26,click,311.29,Toys,0
738,3,2022-11-22 00:43:11,view,334.36,Toys,0
739,111,2022-05-25 17:29:47,click,252.85,Sports,0
740,238,2022-12-11 17:36:10,view,324.21,Home,0
741,239,2022-01-28 22:24:45,click,16.65,Toys,0
742,274,2022-03-07 15:06:40,click,217.66,Automotive,0
743,294,2022-06-12 06:59:10,click,143.07,Fashion,0
744,227,2022-08-17 08:50:52,click,68.94,Sports,0
745,15,2022-09-18 11:54:30,click,54.28,Electronics,0
746,192,2022-06-13 14:39:16,click,303.58,Sports,0
747,119,2022-10-28 15:41:21,view,264.18,Fashion,0
748,28,2022-10-30 00:21:23,click,130.52,Home,0
749,202,2022-10-14 09:21:31,view,238.12,Electronics,0
750,39,2022-01-10 00:18:45,add_to_cart,248.65,Electronics,1
751,273,2022-07-14 18:37:45,view,101.53,Home,0
752,231,2022-04-28 07:16:10,view,327.79,Sports,0
753,86,2022-09-27 02:20:38,click,391.56,Toys,1
754,126,2022-03-21 05:34:55,view,396.77,Sports,0
755,300,2022-04-03 04:29:14,view,303.22,Fashion,0
756,25,2022-09-23 02:13:24,click,258.26,Automotive,0
757,145,2022-11-28 02:42:32,click,35.2,Toys,0
758,13,2022-12-16 15:23:46,click,147.48,Sports,0
759,212,2022-12-27 07:26:59,view,51.17,Automotive,0
760,25,2022-09-14 06:43:37,click,482.09,Automotive,0
761,68,2022-05-13 09:09:54,view,71.86,Home,0
762,67,2022-10-03 04:10:36,click,80.13,Fashion,0
763,233,2022-09-21 21:27:55,click,445.34,Fashion,0
764,109,2022-06-20 13:43:36,click,472.24,Fashion,0
765,146,2022-01-01 02:39:47,view,384.09,Toys,0
766,111,2022-11-09 00:10:45,view,7.68,Electronics,0
767,228,2022-03-05 08:35:30,view,5.67,Toys,0
768,111,2022-10-11 22:43:55,view,192.16,Sports,0
769,34,2022-05-01 08:21:30,view,75.98,Automotive,0
770,111,2022-04-17 14:29:02,click,14.1,Automotive,0
771,264,2022-06-24 07:21:15,view,234.71,Electronics,0
772,236,2022-07-23 05:14:48,add_to_cart,471.82,Sports,0
773,83,2022-06-14 12:08:52,view,165.29,Electronics,0
774,42,2022-11-01 22:40:23,click,332.26,Automotive,1
775,101,2022-04-30 12:51:45,click,327.86,Toys,0
776,6,2022-02-13 12:47:17,view,129.28,Fashion,0
777,180,2022-11-08 02:35:46,view,326.96,Automotive,0
778,282,2022-06-05 00:09:47,click,110.11,Home,0
779,226,2022-07-26 03:32:43,view,65.39,Fashion,0
780,229,2022-04-18 16:26:05,add_to_cart,352.18,Automotive,1
781,289,2022-09-08 19:20:15,click,61.15,Toys,0
782,150,2022-11-30 10:01:56,add_to_cart,498.47,Electronics,1
783,277,2022-05-10 23:49:11,view,95.81,Fashion,0
784,198,2022-10-20 07:05:56,click,299.1,Toys,0
785,70,2022-01-20 16:24:02,click,208.63,Sports,0
786,112,2022-10-09 05:01:39,click,67.56,Home,0
787,4,2022-10-12 12:31:36,view,18.78,Fashion,0
788,95,2022-01-01 19:59:46,click,313.25,Electronics,1
789,152,2022-04-29 03:40:30,view,404.34,Sports,0
790,137,2022-02-04 08:03:29,click,421.8,Toys,0
791,247,2022-07-17 19:42:49,view,243.94,Home,0
792,243,2022-09-02 09:24:26,add_to_cart,389.84,Electronics,0
793,31,2022-02-28 23:24:06,view,338.06,Toys,0
794,40,2022-11-21 21:22:55,add_to_cart,363.51,Toys,0
795,229,2022-06-10 11:37:35,add_to_cart,248.84,Fashion,1
796,36,2022-06-28 22:39:17,add_to_cart,318.54,Fashion,1
797,223,2022-07-25 01:46:56,click,403.74,Electronics,1
798,6,2022-01-12 20:08:36,view,201.95,Automotive,0
799,220,2022-10-03 15:31:55,purchase,403.96,Automotive,1
800,75,2022-06-30 05:00:58,view,298.05,Toys,0
801,4,2022-08-30 21:17:17,click,87.12,Fashion,0
802,134,2022-08-04 11:18:38,click,17.22,Home,1
803,118,2022-09-08 09:03:22,click,184.56,Home,0
804,94,2022-10-26 20:44:18,view,275.61,Toys,0
805,62,2022-05-06 21:41:52,click,420.71,Fashion,0
806,194,2022-08-05 16:07:47,add_to_cart,68.11,Electronics,0
807,203,2022-11-02 07:38:36,view,401.1,Electronics,0
808,26,2022-10-12 00:18:09,add_to_cart,432.19,Electronics,0
809,173,2022-07-04 10:22:26,view,79.59,Home,0
810,300,2022-02-08 20:44:23,view,426.54,Fashion,0
811,133,2022-08-11 02:54:47,view,495.77,Fashion,0
812,118,2022-07-03 00:02:35,view,364.79,Home,0
813,275,2022-06-27 18:44:54,add_to_cart,393.46,Electronics,1
814,212,2022-10-21 21:10:29,view,497.24,Electronics,0
815,225,2022-12-06 10:42:27,view,304.71,Toys,0
816,20,2022-05-31 07:59:55,view,157.4,Automotive,0
817,113,2022-05-06 15:21:36,click,419.58,Sports,0
818,140,2022-10-28 05:57:27,click,309.17,Automotive,0
819,47,2022-11-04 10:09:58,view,292.69,Fashion,0
820,1,2022-12-02 11:36:54,view,130.55,Fashion,0
821,90,2022-08-22 20:55:30,add_to_cart,379.39,Fashion,1
822,142,2022-01-08 17:34:38,view,45.43,Automotive,1
823,38,2022-12-07 15:17:57,view,462.52,Sports,0
824,293,2022-05-09 19:58:26,view,166.28,Toys,0
825,139,2022-09-21 02:38:48,click,68.25,Automotive,0
826,259,2022-06-06 13:55:00,view,223.97,Sports,0
827,161,2022-12-18 02:16:19,click,26.02,Electronics,0
828,178,2022-12-24 13:33:01,view,343.89,Electronics,0
829,10,2022-01-05 15:21:07,purchase,451.84,Fashion,1
830,261,2022-03-27 22:52:59,view,419.45,Home,0
831,138,2022-06-24 06:39:12,click,68.05,Fashion,1
832,172,2022-10-17 14:56:38,view,67.5,Home,0
833,13,2022-07-12 14:08:59,view,407.65,Sports,0
834,168,2022-11-07 08:11:56,click,462.51,Electronics,0
835,130,2022-04-29 15:42:06,view,233.03,Automotive,0
836,84,2022-08-06 02:54:09,add_to_cart,251.99,Home,1
837,101,2022-04-24 13:58:10,add_to_cart,162.54,Sports,1
838,273,2022-05-25 20:15:54,add_to_cart,447.66,Electronics,0
839,265,2022-01-26 06:19:06,view,324.23,Automotive,0
840,38,2022-05-16 18:53:10,click,147.68,Home,0
841,94,2022-10-30 16:20:10,view,152.9,Fashion,1
842,95,2022-08-20 23:08:17,add_to_cart,446.14,Fashion,0
843,69,2022-03-17 04:13:43,click,11.75,Fashion,1
844,236,2022-11-24 20:03:57,add_to_cart,164.75,Sports,0
845,137,2022-12-11 00:43:17,view,279.41,Fashion,0
846,76,2022-10-29 18:14:37,click,78.37,Toys,0
847,35,2022-10-16 00:44:19,view,50.59,Electronics,0
848,1,2022-01-01 20:42:47,click,408.56,Sports,0
849,296,2022-05-27 04:10:37,view,447.73,Automotive,0
850,60,2022-10-14 12:58:58,click,412.69,Fashion,0
851,267,2022-05-22 19:54:38,click,449.9,Electronics,0
852,229,2022-02-22 03:21:49,click,278.79,Home,1
853,270,2022-10-31 06:06:50,view,407.07,Fashion,0
854,286,2022-03-10 02:26:27,click,195.1,Electronics,0
855,291,2022-12-27 02:21:12,view,334.8,Toys,0
856,213,2022-03-31 06:29:43,view,494.47,Home,0
857,165,2022-08-08 17:08:29,view,116.74,Toys,0
858,5,2022-07-11 19:23:05,view,198.0,Automotive,0
859,78,2022-03-04 09:35:18,view,242.62,Electronics,0
860,62,2022-03-14 14:58:29,click,73.32,Toys,0
861,132,2022-06-10 05:05:51,view,45.11,Automotive,0
862,89,2022-06-18 19:20:24,view,415.71,Electronics,0
863,237,2022-03-30 14:48:50,add_to_cart,488.51,Electronics,0
864,42,2022-06-25 04:14:42,view,205.34,Toys,0
865,89,2022-09-26 23:34:26,click,48.39,Electronics,1
866,296,2022-03-14 06:02:58,click,37.58,Fashion,1
867,295,2022-09-02 06:44:24,add_to_cart,446.2,Electronics,1
868,104,2022-03-18 16:34:35,click,234.59,Sports,1
869,14,2022-06-08 01:24:35,click,163.41,Automotive,0
870,288,2022-11-20 21:05:48,add_to_cart,240.85,Electronics,0
871,179,2022-04-08 13:27:34,view,162.56,Sports,0
872,125,2022-04-12 07:52:45,add_to_cart,247.07,Electronics,1
873,23,2022-05-12 20:12:46,view,430.48,Electronics,0
874,63,2022-04-12 13:23:20,add_to_cart,298.19,Toys,0
875,143,2022-01-19 03:03:22,view,348.85,Fashion,0
876,153,2022-03-23 03:52:27,click,185.51,Automotive,0
877,145,2022-10-06 22:00:22,view,370.56,Fashion,0
878,225,2022-12-05 21:50:10,click,334.98,Home,0
879,104,2022-12-31 14:29:02,view,64.18,Toys,0
880,104,2022-11-27 15:38:27,add_to_cart,288.46,Toys,0
881,39,2022-05-09 01:14:53,add_to_cart,132.09,Fashion,1
882,198,2022-12-10 13:54:45,view,403.03,Toys,0
883,134,2022-11-06 09:30:28,add_to_cart,215.84,Fashion,1
884,67,2022-03-30 22:07:56,click,497.37,Toys,1
885,179,2022-08-01 14:24:35,click,50.79,Electronics,0
886,42,2022-05-23 08:47:35,view,391.27,Fashion,0
887,15,2022-03-06 12:04:32,view,338.48,Fashion,0
888,111,2022-03-17 13:43:57,view,384.91,Sports,0
889,157,2022-07-18 13:43:36,view,157.23,Toys,0
890,289,2022-05-23 16:35:11,add_to_cart,248.57,Toys,0
891,231,2022-11-12 01:53:36,view,399.27,Fashion,0
892,157,2022-04-03 21:26:15,add_to_cart,120.11,Electronics,1
893,38,2022-11-01 17:51:47,view,116.89,Electronics,0
894,97,2022-08-12 12:58:53,click,277.77,Automotive,0
895,289,2022-10-18 03:07:20,click,264.16,Electronics,0
896,254,2022-04-12 19:49:23,add_to_cart,144.72,Toys,1
897,196,2022-09-24 09:06:02,view,152.55,Sports,0
898,86,2022-12-21 02:17:39,view,142.53,Fashion,0
899,10,2022-04-20 13:55:39,view,386.9,Home,0
900,5,2022-11-26 04:07:29,view,327.69,Sports,0
901,123,2022-09-22 22:42:48,view,417.05,Home,0
902,118,2022-01-03 15:14:29,view,487.86,Sports,0
903,294,2022-03-26 17:31:35,view,239.71,Electronics,0
904,159,2022-10-09 19:41:50,click,38.01,Toys,0
905,228,2022-11-24 06:32:47,view,28.81,Home,0
906,216,2022-10-31 09:48:12,view,151.35,Sports,0
907,184,2022-04-27 20:46:53,view,466.61,Toys,0
908,15,2022-08-09 14:20:31,click,263.99,Home,0
909,157,2022-06-03 02:44:45,add_to_cart,139.53,Fashion,1
910,136,2022-06-02 16:34:19,click,202.59,Sports,0
911,261,2022-01-12 15:05:06,click,301.3,Fashion,0
912,157,2022-05-13 18:25:14,view,328.21,Electronics,0
913,47,2022-10-31 18:04:47,click,81.19,Fashion,0
914,173,2022-10-20 08:06:05,view,488.63,Fashion,0
915,130,2022-10-27 16:22:09,view,274.66,Automotive,0
916,95,2022-08-16 18:37:08,click,72.17,Sports,0
917,115,2022-09-28 13:50:12,add_to_cart,447.35,Electronics,0
918,243,2022-02-12 14:01:40,view,41.95,Fashion,0
919,292,2022-12-09 21:59:11,click,454.33,Toys,0
920,282,2022-11-22 16:17:23,click,498.3,Home,0
921,299,2022-10-29 12:28:20,view,351.71,Fashion,0
922,283,2022-12-30 11:55:46,view,386.37,Electronics,0
923,69,2022-01-21 02:10:51,view,171.96,Fashion,0
924,148,2022-04-17 04:31:28,view,471.08,Home,0
925,11,2022-12-02 20:11:32,view,267.21,Electronics,0
926,254,2022-10-30 18:46:20,view,367.53,Sports,0
927,38,2022-04-27 02:02:48,view,462.43,Electronics,0
928,134,2022-05-04 23:43:56,click,487.71,Sports,0
929,200,2022-10-08 12:53:23,click,417.44,Electronics,0
930,23,2022-10-19 02:32:48,purchase,154.99,Home,1
931,218,2022-07-22 13:51:19,view,483.44,Home,1
932,141,2022-02-20 16:37:51,click,315.92,Electronics,0
933,104,2022-09-28 08:56:14,add_to_cart,465.67,Fashion,1
934,210,2022-11-20 01:49:41,click,339.67,Home,0
935,111,2022-10-04 19:57:33,view,157.08,Sports,0
936,104,2022-05-21 17:47:26,click,188.16,Sports,0
937,171,2022-10-02 13:47:58,view,277.48,Toys,0
938,133,2022-10-17 07:24:09,view,396.06,Automotive,0
939,293,2022-11-30 22:52:05,click,162.4,Automotive,0
940,127,2022-02-21 04:02:47,click,291.97,Automotive,1
941,106,2022-01-27 22:20:04,view,176.08,Sports,0
942,92,2022-06-06 17:12:24,add_to_cart,408.81,Toys,0
943,287,2022-08-27 21:40:02,click,236.03,Automotive,0
944,51,2022-06-05 08:00:03,view,42.98,Automotive,1
945,29,2022-10-18 05:03:50,add_to_cart,87.2,Electronics,0
946,296,2022-05-16 04:57:42,view,35.25,Electronics,0
947,297,2022-05-24 12:02:35,purchase,252.15,Electronics,1
948,214,2022-04-16 08:40:59,click,57.64,Fashion,0
949,267,2022-06-07 08:33:15,view,61.5,Automotive,0
950,257,2022-05-26 02:26:10,click,470.82,Fashion,0
951,101,2022-01-02 03:04:53,click,436.96,Toys,0
952,110,2022-03-18 12:56:11,click,228.78,Sports,0
953,182,2022-05-12 00:03:13,purchase,492.97,Automotive,1
954,1,2022-03-31 04:52:49,click,5.09,Sports,0
955,55,2022-12-11 03:06:30,click,308.92,Electronics,0
956,149,2022-12-16 17:27:04,add_to_cart,310.13,Automotive,0
957,137,2022-09-20 11:52:32,click,231.43,Home,0
958,202,2022-12-17 08:58:47,view,201.49,Fashion,0
959,117,2022-04-18 11:41:10,add_to_cart,230.41,Fashion,0
960,154,2022-03-15 23:52:05,view,210.41,Automotive,0
961,291,2022-02-08 11:09:57,click,366.59,Electronics,0
962,63,2022-06-08 00:37:41,add_to_cart,72.0,Fashion,0
963,244,2022-03-12 07:21:52,click,102.83,Electronics,0
964,25,2022-11-08 01:51:56,click,94.36,Toys,0
965,90,2022-08-29 08:02:13,click,134.92,Sports,1
966,75,2022-10-25 01:12:58,view,265.0,Home,0
967,294,2022-02-05 11:16:23,add_to_cart,60.05,Sports,0
968,210,2022-03-25 23:42:51,view,434.74,Sports,0
969,17,2022-09-20 08:03:53,view,152.19,Toys,0
970,128,2022-11-06 06:40:00,view,85.46,Fashion,0
971,251,2022-06-21 21:04:28,click,339.43,Home,0
972,179,2022-06-22 11:50:04,click,23.85,Fashion,1
973,182,2022-12-28 18:58:56,add_to_cart,311.88,Automotive,0
974,152,2022-02-16 20:31:09,view,350.61,Sports,0
975,25,2022-05-21 01:30:10,view,111.38,Automotive,0
976,180,2022-04-28 23:09:35,view,25.77,Electronics,0
977,198,2022-10-04 15:34:04,view,185.0,Sports,0
978,161,2022-08-02 17:35:15,click,53.8,Fashion,0
979,177,2022-08-08 19:49:04,view,62.66,Sports,0
980,285,2022-01-26 01:53:16,view,130.86,Electronics,0
981,63,2022-01-09 15:04:05,view,151.26,Toys,0
982,150,2022-09-28 11:57:36,view,267.34,Automotive,0
983,154,2022-01-10 04:55:09,view,340.8,Automotive,0
984,156,2022-05-01 16:15:57,view,298.42,Fashion,1
985,49,2022-05-05 04:52:23,click,78.44,Sports,0
986,84,2022-06-19 10:23:38,add_to_cart,90.18,Fashion,1
987,177,2022-03-13 04:38:44,click,439.99,Toys,0
988,148,2022-06-01 01:03:48,purchase,281.38,Sports,1
989,118,2022-07-27 04:44:47,view,435.62,Sports,1
990,63,2022-02-18 03:30:05,click,188.92,Fashion,0
991,189,2022-06-03 08:42:17,purchase,309.13,Fashion,1
992,49,2022-12-13 01:31:22,view,264.21,Electronics,0
993,257,2022-10-20 18:08:53,add_to_cart,162.97,Toys,0
994,224,2022-03-09 14:09:12,view,237.61,Electronics,0
995,141,2022-02-19 01:31:03,view,253.73,Automotive,0
996,215,2022-06-01 19:34:08,view,104.38,Sports,0
997,211,2022-01-19 01:17:28,click,160.93,Fashion,0
998,32,2022-04-10 09:20:23,click,396.75,Sports,1
999,158,2022-03-01 16:25:56,click,458.32,Sports,0
1000,285,2022-06-16 09:53:54,view,183.1,Home,0
