transaction_id,customer_id,date,product_id,store_id,quantity,price,total_amount
1,45,2023-12-23,4,1,7.0,29.24,278.88
2,48,2023-12-05,32,1,4.0,24.38,195.92999999999998
3,65,2023-03-29,30,1,6.0,41.67,53.79
4,68,2023-01-03,17,1,9.0,13.86,21.26
5,68,2023-09-22,4,5,3.0,17.23,155.5
6,10,2023-09-24,27,6,4.0,33.79,408.06000000000006
7,84,2023-09-19,7,6,4.0,22.55,296.28000000000003
8,22,2023-10-22,42,10,3.0,18.64,98.16
9,37,2023-04-11,38,3,1.0,16.46,265.04
10,88,2023-04-28,12,1,4.0,26.86,114.18
11,71,2023-03-01,18,8,4.0,39.9,31.52
12,89,2023-06-14,44,2,5.0,41.24,34.3
13,89,2023-09-19,4,10,6.0,40.58,90.32
14,13,2023-02-08,21,10,1.0,44.85,280.91
15,59,2023-06-13,28,1,1.0,7.28,150.76
16,66,2023-03-30,29,8,5.0,49.2,246.26
17,40,2023-07-27,15,7,6.0,24.19,170.22
18,88,2023-12-07,15,8,5.0,13.68,106.55
19,47,2023-09-23,17,10,3.0,48.65,67.89
20,89,2023-05-13,36,1,8.0,42.13,68.56
21,82,2023-01-25,39,10,8.0,46.84,403.92
22,38,2023-04-05,44,5,6.0,28.54,53.550000000000004
23,26,2023-12-06,28,9,1.0,38.65,43.01
24,78,2023-03-19,39,6,4.0,28.38,204.0
25,73,2023-09-25,24,3,2.0,29.28,119.60999999999999
26,10,2023-03-23,21,6,1.0,47.82,297.27
27,21,2023-06-04,24,5,6.0,38.23,224.72
28,81,2023-06-25,35,2,3.0,30.51,169.14999999999998
29,70,2023-04-09,33,1,5.0,22.67,150.22
30,80,2023-01-22,2,3,1.0,12.39,286.58
31,48,2023-06-20,23,6,4.0,10.21,218.43
32,65,2023-05-26,22,5,1.0,18.48,89.92
33,83,2023-04-12,5,3,6.0,36.18,265.52
34,100,2023-09-02,46,8,9.0,13.62,383.58
35,89,2023-07-03,41,4,2.0,10.92,44.75
36,50,2023-04-11,40,6,7.0,8.5,74.07000000000001
37,30,2023-07-16,25,7,8.0,43.08,105.12
38,20,2023-04-22,23,5,5.0,15.85,28.94
39,20,2023-08-15,18,10,4.0,14.04,98.35000000000001
40,15,2023-09-25,27,9,8.0,22.59,119.34
41,40,2023-04-08,9,1,4.0,33.33,15.28
42,33,2023-08-27,6,1,6.0,31.38,80.5
43,66,2023-01-12,34,3,5.0,46.56,70.92
44,10,2023-01-26,23,7,1.0,35.69,209.44
45,58,2023-04-08,19,2,1.0,30.29,59.79
46,33,2023-12-18,11,6,7.0,37.02,126.44999999999999
47,32,2023-10-29,30,10,2.0,34.87,79.23
48,75,2023-09-20,12,6,8.0,39.54,150.08
49,24,2023-03-31,31,3,2.0,30.76,143.85
50,36,2023-12-11,8,4,6.0,41.33,346.64000000000004
51,76,2023-02-08,31,4,7.0,45.5,34.77
52,56,2023-02-21,43,4,4.0,36.34,70.32000000000001
53,29,2023-01-17,22,9,2.0,21.09,90.72
54,35,2023-08-07,8,6,2.0,17.6,197.04999999999998
55,1,2023-09-17,26,10,7.0,33.67,307.37
56,1,2023-12-13,45,6,9.0,33.41,49.0
57,37,2023-05-03,20,2,5.0,6.08,369.99
58,54,2023-09-16,26,9,5.0,38.62,212.88
59,6,2023-05-14,46,8,4.0,14.98,48.42
60,39,2023-09-29,43,8,3.0,7.45,9.14
61,18,2023-12-01,4,2,9.0,11.89,92.4
62,80,2023-06-30,21,10,2.0,34.56,44.98
63,5,2023-12-26,50,1,7.0,28.54,8.19
64,43,2023-09-21,20,10,4.0,43.11,147.84
65,59,2023-06-29,38,5,8.0,9.78,325.2
66,32,2023-12-25,34,7,3.0,42.33,58.72
67,2,2023-09-07,45,1,3.0,34.29,187.54999999999998
68,66,2023-07-03,26,4,9.0,14.67,120.9
69,42,2023-04-24,8,4,9.0,38.16,158.32
70,58,2023-07-25,38,5,4.0,38.36,47.6
71,36,2023-11-08,21,2,6.0,9.86,268.96
72,12,2023-03-30,35,1,4.0,16.99,177.84
73,47,2023-09-10,17,5,4.0,33.75,261.09000000000003
74,83,2023-11-21,46,7,2.0,22.13,50.22
75,92,2023-04-28,41,9,9.0,39.44,244.16000000000003
76,1,2023-07-05,40,3,6.0,29.12,23.02
77,15,2023-12-16,34,2,4.0,43.56,12.6
78,100,2023-04-13,34,3,6.0,10.0,36.35
79,54,2023-07-26,2,2,7.0,38.02,49.59
80,13,2023-03-24,10,1,7.0,25.91,136.98
81,43,2023-08-25,24,2,4.0,28.37,102.32
82,85,2023-01-04,5,7,4.0,17.78,37.26
83,76,2023-06-15,25,5,5.0,17.11,175.21
84,69,2023-10-13,7,5,8.0,13.54,150.95000000000002
85,7,2023-03-20,34,6,4.0,21.8,16.88
86,69,2023-09-25,25,10,8.0,15.75,337.32
87,48,2023-01-12,11,4,2.0,13.54,54.72
88,4,2023-09-30,30,7,4.0,48.28,331.94
89,77,2023-03-02,48,1,1.0,25.13,188.35000000000002
90,53,2023-05-04,29,3,8.0,35.52,265.74
91,79,2023-04-14,25,1,9.0,21.84,121.38
92,16,2023-07-11,4,8,3.0,30.64,375.52
93,21,2023-07-07,19,8,3.0,27.46,396.48
94,100,2023-05-10,22,2,3.0,32.57,52.32
95,59,2023-07-01,7,5,1.0,37.52,185.10000000000002
96,24,2023-10-12,21,10,6.0,34.88,264.0
97,80,2023-12-08,22,9,3.0,39.29,35.95
98,14,2023-08-05,28,1,9.0,11.58,39.91
99,86,2023-03-15,27,4,5.0,9.23,39.42
100,49,2023-12-04,26,5,1.0,20.25,241.22
101,50,2023-01-16,1,7,4.0,26.68,74.48
102,70,2023-05-12,47,2,1.0,15.1,9.52
103,42,2023-04-17,4,4,6.0,39.8,161.46
104,36,2023-08-02,38,4,4.0,37.38,21.82
105,65,2023-10-12,8,3,4.0,46.11,222.16
106,96,2023-11-11,17,5,2.0,37.8,72.35999999999999
107,70,2023-08-02,12,5,1.0,9.82,203.67
108,95,2023-03-20,12,5,7.0,34.92,240.39999999999998
109,1,2023-11-18,45,10,9.0,23.54,26.5
110,51,2023-11-29,3,6,3.0,16.68,195.56
111,37,2023-09-25,6,9,4.0,32.09,332.99
112,35,2023-10-09,18,4,8.0,18.6,155.43
113,49,2023-12-26,15,7,1.0,28.89,166.6
114,94,2023-09-25,6,6,5.0,30.92,102.95
115,4,2023-12-13,15,4,4.0,28.81,170.25
116,99,2023-08-26,18,4,2.0,5.48,98.35000000000001
117,43,2023-05-25,42,8,4.0,20.69,27.7
118,78,2023-09-15,47,1,6.0,40.57,124.24
119,22,2023-01-17,45,10,2.0,20.61,389.52
120,74,2023-02-03,31,8,6.0,27.92,432.63
121,1,2023-02-03,35,5,6.0,20.6,67.24
122,11,2023-06-22,4,1,2.0,13.97,106.74
123,44,2023-10-24,1,6,3.0,13.99,84.28
124,59,2023-11-25,30,4,8.0,38.7,72.64999999999999
125,24,2023-07-25,45,7,4.0,33.26,224.32
126,60,2023-04-17,45,8,6.0,46.94,320.25
127,3,2023-03-25,45,1,2.0,23.95,395.28000000000003
128,99,2023-08-31,1,4,7.0,33.65,5.51
129,63,2023-11-21,18,3,8.0,26.08,66.18
130,36,2023-05-31,30,1,8.0,26.33,67.18
131,95,2023-03-06,28,8,7.0,43.43,198.4
132,68,2023-08-18,35,1,9.0,25.44,287.84
133,83,2023-10-15,37,8,7.0,46.77,263.61
134,47,2023-03-21,22,3,1.0,32.92,65.95
135,100,2023-03-25,31,1,2.0,8.84,118.16
136,21,2023-09-29,38,3,1.0,8.06,125.67
137,82,2023-11-04,18,7,9.0,49.2,56.910000000000004
138,51,2023-06-23,39,1,8.0,22.97,5.64
139,28,2023-01-11,16,9,6.0,31.44,32.51
140,15,2023-04-16,2,4,2.0,24.42,106.28999999999999
141,42,2023-12-03,16,4,2.0,12.15,42.16
142,59,2023-03-12,42,7,2.0,10.65,173.16
143,66,2023-01-22,23,7,9.0,14.57,42.91
144,37,2023-08-11,46,7,6.0,32.24,210.65
145,11,2023-07-15,18,5,7.0,29.59,180.24
146,87,2023-12-03,45,3,8.0,19.79,72.72
147,44,2023-11-17,23,6,5.0,6.99,78.66
148,12,2023-05-10,14,5,2.0,19.58,435.87
149,3,2023-11-03,48,3,2.0,22.92,311.71000000000004
150,52,2023-12-19,3,1,8.0,39.04,201.0
151,81,2023-12-30,12,10,5.0,38.19,18.64
152,33,2023-12-05,10,2,6.0,14.96,189.89999999999998
153,55,2023-07-05,41,6,9.0,15.25,28.55
154,1,2023-09-29,48,10,5.0,33.25,94.92
155,39,2023-01-29,5,6,8.0,34.33,297.64000000000004
156,20,2023-11-24,11,9,8.0,30.25,76.74
157,47,2023-10-11,50,5,9.0,10.04,65.42
158,43,2023-08-05,7,10,2.0,17.86,83.36
159,57,2023-11-10,45,1,6.0,6.43,76.67999999999999
160,61,2023-11-11,9,7,7.0,39.27,215.15
161,78,2023-08-05,9,2,8.0,,63.24
162,31,2023-09-27,9,2,7.0,46.42,170.94
163,25,2023-03-20,45,4,2.0,8.96,114.96
164,3,2023-10-04,38,1,4.0,45.78,216.9
165,4,2023-03-13,19,4,7.0,46.33,93.42
166,95,2023-07-03,3,2,6.0,49.9,166.29999999999998
167,99,2023-10-28,6,4,7.0,40.0,293.28
168,14,2023-08-24,30,2,4.0,16.82,116.01
169,41,2023-09-03,38,5,3.0,16.91,296.46
170,73,2023-04-02,37,8,3.0,35.97,36.0
171,20,2023-02-14,43,7,1.0,35.59,58.8
172,96,2023-09-29,30,5,2.0,34.71,75.33
173,73,2023-03-29,28,6,9.0,20.89,252.72
174,27,2023-03-19,18,7,7.0,28.39,98.14
175,67,2023-04-06,12,1,7.0,18.57,68.12
176,53,2023-04-21,50,5,5.0,31.86,135.78
177,68,2023-07-30,9,10,6.0,39.76,155.43
178,62,2023-05-13,25,4,8.0,36.44,60.3
179,15,2023-01-29,4,8,3.0,24.46,27.88
180,97,2023-07-13,49,1,3.0,28.61,99.46
181,5,2023-02-19,12,1,1.0,39.76,122.55000000000001
182,68,2023-12-10,16,9,5.0,15.48,262.24
183,12,2023-02-27,4,4,2.0,14.96,249.42000000000002
184,87,2023-07-28,37,7,9.0,26.82,134.64000000000001
185,78,2023-02-11,40,6,4.0,27.24,261.78000000000003
186,76,2023-08-29,22,8,9.0,6.06,197.04
187,57,2023-07-14,30,4,5.0,31.19,100.80000000000001
188,17,2023-10-01,4,3,4.0,23.8,181.92000000000002
189,25,2023-01-21,12,9,4.0,30.94,126.55
190,30,2023-06-16,16,2,1.0,46.17,305.28000000000003
191,22,2023-11-17,46,4,1.0,19.99,69.06
192,26,2023-05-15,27,9,5.0,9.85,29.99
193,81,2023-08-25,16,4,7.0,14.29,353.7
194,61,2023-05-31,34,6,1.0,18.79,188.46
195,62,2023-03-21,12,2,3.0,43.86,207.5
196,84,2023-03-16,6,3,3.0,29.71,33.59
197,34,2023-06-12,31,7,8.0,49.78,102.75
198,33,2023-06-18,5,4,8.0,17.83,39.21
199,71,2023-06-16,33,3,5.0,8.09,213.36
200,86,2023-05-30,38,6,3.0,18.55,127.15
201,32,2023-10-18,44,4,7.0,49.67,91.30000000000001
202,14,2023-06-10,46,6,1.0,38.44,189.66
203,72,2023-10-28,30,2,3.0,46.18,36.68
204,57,2023-04-10,28,10,7.0,31.77,78.76
205,25,2023-10-25,40,2,9.0,17.39,273.68
206,80,2023-09-07,28,6,6.0,47.95,6.16
207,42,2023-12-26,30,10,1.0,15.31,154.75
208,19,2023-09-09,9,9,2.0,22.87,109.7
209,41,2023-11-01,12,10,8.0,18.2,234.60000000000002
210,55,2023-05-19,34,4,5.0,33.96,131.04
211,80,2023-11-21,15,3,9.0,23.81,251.82
212,12,2023-10-01,39,3,1.0,48.07,100.17
213,39,2023-09-17,12,5,,48.53,64.58
214,94,2023-04-12,11,8,,9.36,69.55
215,2,2023-04-05,26,9,4.0,46.77,177.72
216,96,2023-10-13,33,9,1.0,40.91,105.28
217,45,2023-04-13,41,6,7.0,37.06,105.56
218,89,2023-05-04,7,6,1.0,21.33,281.34000000000003
219,25,2023-06-08,31,4,5.0,35.58,119.52
220,68,2023-07-23,23,8,4.0,41.48,139.5
221,83,2023-11-13,12,7,6.0,42.37,348.48
222,4,2023-05-16,36,1,5.0,41.26,394.92
223,77,2023-06-29,21,9,,19.4,68.26
224,36,2023-09-02,5,6,9.0,13.33,129.70000000000002
225,87,2023-03-15,5,6,2.0,29.47,210.71999999999997
226,62,2023-06-18,50,4,6.0,16.44,248.76
227,70,2023-09-01,30,9,6.0,40.32,162.48
228,88,2023-01-22,28,10,8.0,7.01,267.12
229,44,2023-04-05,48,10,5.0,24.14,75.32
230,33,2023-05-24,20,8,5.0,40.04,207.60000000000002
231,12,2023-08-29,41,5,4.0,8.63,23.4
232,85,2023-10-01,27,8,9.0,35.91,242.95000000000002
233,11,2023-09-24,27,2,3.0,15.4,138.88
234,55,2023-05-26,10,4,,10.73,47.58
235,38,2023-05-12,32,6,4.0,18.85,237.28
236,29,2023-03-15,31,9,1.0,5.87,261.03
237,3,2023-10-13,18,10,5.0,33.35,73.67999999999999
238,28,2023-07-15,8,6,7.0,19.98,65.73
239,84,2023-08-15,36,9,1.0,49.72,77.4
240,90,2023-05-13,10,8,7.0,9.4,45.12
241,24,2023-12-13,29,4,5.0,45.27,228.78000000000003
242,54,2023-04-11,48,6,8.0,27.41,35.84
243,52,2023-05-15,49,10,2.0,10.3,89.4
244,47,2023-02-02,8,7,2.0,43.53,201.88
245,21,2023-03-23,4,6,3.0,10.0,334.4
246,54,2023-04-30,8,4,2.0,34.06,286.2
247,30,2023-09-03,9,3,7.0,16.03,94.22
248,68,2023-10-21,38,4,1.0,25.21,69.44
249,36,2023-04-30,6,10,1.0,30.79,151.76
250,40,2023-10-11,34,2,5.0,46.39,285.76
251,10,2023-02-21,29,7,7.0,17.8,203.9
252,74,2023-03-20,47,10,1.0,22.45,61.56
253,42,2023-03-28,39,4,1.0,13.98,37.14
254,24,2023-04-06,50,8,6.0,20.46,171.54
255,4,2023-01-09,9,8,3.0,10.66,134.82
256,47,2023-11-09,2,6,9.0,29.66,20.95
257,91,2023-10-13,3,3,3.0,30.17,374.76
258,51,2023-06-06,17,2,3.0,33.05,236.82
259,4,2023-07-06,3,8,6.0,15.37,167.7
260,32,2023-04-22,12,6,1.0,24.46,184.16
261,10,2023-05-25,32,1,9.0,6.86,18.53
262,11,2023-03-01,11,4,7.0,6.81,10.58
263,28,2023-09-05,21,8,2.0,18.93,312.8
264,46,2023-01-08,37,2,6.0,27.01,197.10000000000002
265,72,2023-10-16,15,1,3.0,36.18,69.05
266,40,2023-08-01,8,9,4.0,39.14,208.5
267,62,2023-08-24,30,2,3.0,23.08,218.25
268,86,2023-03-17,6,8,9.0,39.0,207.42000000000002
269,98,2023-08-10,15,8,8.0,37.74,198.66
270,45,2023-02-10,47,7,2.0,33.46,299.52
271,35,2023-01-01,16,1,1.0,11.37,168.29999999999998
272,35,2023-08-01,33,6,2.0,17.93,216.0
273,89,2023-04-20,24,6,4.0,29.02,122.56
274,34,2023-04-03,28,7,3.0,41.63,370.16
275,6,2023-07-25,7,6,2.0,23.15,238.70000000000002
276,37,2023-06-15,10,4,9.0,48.52,89.4
277,1,2023-03-03,2,4,2.0,34.94,77.92
278,76,2023-04-14,12,9,1.0,19.09,176.55
279,35,2023-03-10,24,4,2.0,30.26,60.480000000000004
280,70,2023-07-05,7,10,8.0,21.88,32.42
281,54,2023-05-13,41,4,9.0,46.04,61.95
282,81,2023-04-16,37,4,8.0,7.18,43.62
283,63,2023-02-06,13,7,9.0,15.3,91.8
284,9,2023-12-03,36,5,7.0,9.35,76.4
285,62,2023-06-15,6,3,3.0,41.25,59.79
286,2,2023-08-11,13,6,1.0,13.6,25.89
287,82,2023-10-19,19,2,2.0,38.43,88.96
288,36,2023-05-09,1,9,5.0,30.27,120.44999999999999
289,92,2023-02-19,2,10,4.0,42.36,28.99
290,41,2023-07-05,21,9,4.0,49.77,36.7
291,37,2023-09-23,14,6,6.0,11.94,240.21
292,49,2023-02-20,27,9,1.0,11.77,63.36
293,26,2023-08-14,49,4,1.0,33.63,40.98
294,68,2023-06-26,44,1,7.0,6.63,102.42
295,36,2023-01-13,22,7,3.0,41.78,80.99000000000001
296,31,2023-07-18,15,4,4.0,21.95,249.69
297,30,2023-05-05,14,2,7.0,22.95,224.1
298,34,2023-04-10,41,8,2.0,30.74,17.92
299,19,2023-12-25,4,9,4.0,20.39,194.21999999999997
300,18,2023-02-06,42,4,5.0,18.51,61.5
301,94,2023-10-14,18,8,5.0,14.22,77.07
302,85,2023-04-25,6,7,6.0,37.35,34.11
303,3,2023-05-28,27,8,6.0,39.59,174.88
304,70,2023-02-05,28,10,7.0,32.36,301.6
305,13,2023-09-28,44,7,8.0,15.62,148.17000000000002
306,45,2023-01-30,46,10,4.0,36.26,16.02
307,67,2023-03-02,42,7,7.0,12.1,337.44
308,92,2023-12-04,14,8,5.0,44.52,254.88
309,86,2023-11-20,46,9,7.0,25.08,272.51
310,40,2023-10-13,49,6,5.0,26.41,212.8
311,40,2023-06-05,18,7,7.0,14.19,10.61
312,76,2023-05-12,23,4,5.0,32.7,290.22
313,23,2023-02-03,32,8,1.0,49.33,20.63
314,31,2023-09-03,26,3,1.0,31.51,36.93
315,18,2023-08-17,29,8,4.0,34.36,203.0
316,71,2023-02-26,14,9,7.0,17.98,258.93
317,72,2023-10-05,8,3,5.0,19.66,150.66
318,19,2023-06-17,27,4,2.0,13.84,271.25
319,93,2023-08-23,18,2,8.0,28.16,84.48
320,44,2023-11-27,5,9,3.0,11.66,86.67
321,84,2023-01-30,44,2,4.0,32.83,118.2
322,50,2023-08-30,48,1,1.0,25.94,95.02
323,42,2023-02-28,31,1,6.0,33.09,245.39999999999998
324,94,2023-10-08,29,6,8.0,8.18,36.03
325,47,2023-04-25,9,2,5.0,44.78,45.36
326,22,2023-09-30,28,6,3.0,22.04,123.06
327,74,2023-12-23,7,1,5.0,14.31,314.78999999999996
328,90,2023-05-04,8,4,8.0,27.54,393.6
329,97,2023-01-14,27,9,2.0,46.84,47.04
330,92,2023-09-15,12,1,4.0,36.24,393.12
331,74,2023-09-09,38,9,1.0,20.3,44.0
332,29,2023-09-16,30,10,5.0,18.67,41.01
333,82,2023-11-19,50,5,8.0,34.76,85.46
334,59,2023-05-28,21,7,8.0,9.0,49.699999999999996
335,1,2023-09-08,30,10,3.0,21.44,32.48
336,87,2023-06-08,29,1,7.0,26.54,221.83
337,64,2023-02-09,24,2,4.0,39.22,387.44
338,17,2023-03-19,10,8,6.0,19.65,130.85000000000002
339,37,2023-10-10,1,3,9.0,40.65,22.0
340,95,2023-05-21,39,7,3.0,40.22,246.51
341,25,2023-08-30,20,4,4.0,5.88,148.41
342,64,2023-09-15,8,5,1.0,13.57,139.48
343,68,2023-09-24,39,5,6.0,34.4,89.19
344,52,2023-12-29,4,6,1.0,27.32,365.84999999999997
345,9,2023-10-16,31,1,5.0,6.24,26.33
346,57,2023-10-12,38,1,4.0,21.18,192.71
347,92,2023-07-06,42,9,9.0,33.16,278.88
348,94,2023-07-14,6,7,8.0,49.63,158.82
349,88,2023-08-09,17,7,1.0,14.31,86.48
350,33,2023-03-07,27,5,4.0,11.87,26.0
351,20,2023-07-25,32,9,2.0,21.4,237.57999999999998
352,73,2023-12-06,7,10,6.0,29.79,87.84
353,72,2023-02-17,26,1,2.0,34.9,269.82
354,88,2023-03-23,12,8,7.0,21.24,82.98
355,14,2023-07-19,18,6,6.0,15.28,51.300000000000004
356,59,2023-11-06,32,7,9.0,5.24,34.4
357,82,2023-07-18,32,4,6.0,13.26,156.2
358,56,2023-05-18,21,10,8.0,9.5,19.83
359,65,2023-01-16,27,1,3.0,15.89,110.64999999999999
360,76,2023-10-02,40,5,6.0,19.52,361.6
361,93,2023-06-07,11,3,3.0,8.54,34.2
362,37,2023-07-01,39,2,8.0,23.26,32.32
363,26,2023-02-12,5,8,1.0,12.54,221.6
364,33,2023-05-11,40,2,7.0,31.16,42.83
365,43,2023-10-13,16,1,2.0,22.0,33.77
366,15,2023-02-05,14,3,1.0,33.78,15.98
367,87,2023-10-03,36,8,8.0,39.93,166.04
368,29,2023-01-24,39,9,8.0,8.81,217.44
369,21,2023-05-21,12,9,5.0,22.21,123.20000000000002
370,83,2023-12-22,40,1,1.0,49.0,44.13
371,69,2023-07-04,12,7,4.0,5.1,16.35
372,23,2023-07-14,49,6,6.0,25.65,178.92
373,100,2023-10-04,37,5,3.0,26.1,196.5
374,84,2023-05-12,19,8,1.0,42.07,319.34
375,8,2023-03-23,12,5,4.0,18.06,84.5
376,73,2023-02-08,35,1,8.0,39.92,71.0
377,62,2023-02-12,17,7,8.0,5.1,226.05
378,14,2023-02-07,29,5,6.0,27.08,61.53
379,6,2023-12-29,10,7,9.0,19.37,84.96000000000001
380,1,2023-02-10,38,5,8.0,41.37,99.35000000000001
381,9,2023-10-11,9,1,3.0,23.13,166.68
382,80,2023-05-13,18,3,4.0,8.14,39.88
383,80,2023-06-15,49,9,1.0,36.88,325.84999999999997
384,54,2023-10-19,45,8,2.0,5.6,14.81
385,12,2023-01-31,29,9,3.0,20.05,149.4
386,5,2023-09-21,26,7,8.0,27.42,77.46000000000001
387,40,2023-03-30,31,5,1.0,38.38,61.199999999999996
388,93,2023-08-28,38,5,3.0,19.09,93.42
389,46,2023-05-28,31,10,4.0,9.68,24.76
390,27,2023-11-30,19,9,3.0,42.14,208.79999999999998
391,75,2023-11-09,13,5,9.0,5.44,20.17
392,53,2023-03-02,2,6,1.0,44.29,240.66
393,50,2023-01-25,28,4,3.0,9.79,94.14
394,92,2023-06-10,11,5,5.0,10.66,143.76
395,52,2023-12-31,4,3,5.0,12.48,78.53999999999999
396,100,2023-10-23,17,3,1.0,11.68,157.14000000000001
397,19,2023-04-15,28,8,6.0,40.77,5.33
398,35,2023-04-27,7,10,1.0,41.49,115.00999999999999
399,52,2023-01-17,1,6,9.0,12.63,30.71
400,31,2023-08-07,8,3,2.0,10.06,57.88
401,54,2023-07-28,26,2,9.0,30.76,193.72
402,59,2023-10-30,4,5,1.0,36.49,222.0
403,44,2023-08-13,37,5,3.0,30.16,24.34
404,56,2023-04-05,45,2,6.0,6.25,148.85999999999999
405,19,2023-12-07,22,9,4.0,,20.54
406,46,2023-10-07,50,10,,37.14,189.3
407,88,2023-05-24,9,3,8.0,37.28,74.27
408,66,2023-06-22,48,6,9.0,14.32,73.92
409,71,2023-03-25,39,9,7.0,8.16,140.57999999999998
410,54,2023-04-30,43,3,5.0,49.88,129.78
411,49,2023-02-25,34,10,5.0,26.5,290.01
412,95,2023-12-21,37,5,8.0,,390.96
413,60,2023-10-29,5,10,8.0,9.34,19.17
414,81,2023-12-04,28,7,5.0,27.72,70.80000000000001
415,27,2023-08-04,14,2,4.0,27.68,242.10000000000002
416,36,2023-03-19,14,3,5.0,10.53,264.72
417,59,2023-12-17,42,7,8.0,20.82,61.6
418,50,2023-08-20,9,3,7.0,45.12,218.12
419,74,2023-08-14,7,1,3.0,36.06,170.1
420,45,2023-10-12,31,1,8.0,37.93,70.64999999999999
421,14,2023-09-02,13,7,5.0,44.52,316.33
422,71,2023-03-07,35,10,2.0,18.96,42.59
423,39,2023-03-10,4,7,3.0,40.55,42.81
424,40,2023-08-02,41,3,7.0,9.34,42.55
425,9,2023-09-10,17,4,5.0,30.99,40.47
426,14,2023-02-18,6,3,3.0,29.04,345.33
427,8,2023-04-10,41,1,8.0,24.4,78.85
428,81,2023-03-11,30,10,4.0,14.41,6.69
429,23,2023-04-10,23,7,1.0,24.24,83.62
430,80,2023-03-13,38,2,8.0,42.99,40.42
431,90,2023-01-02,24,5,2.0,37.88,123.84
432,9,2023-05-10,37,5,3.0,24.83,101.28
433,100,2023-07-19,44,3,9.0,48.54,47.94
434,7,2023-06-03,35,6,5.0,40.34,257.03999999999996
435,82,2023-04-11,7,3,1.0,6.99,37.74
436,72,2023-03-19,7,4,8.0,38.78,105.24
437,85,2023-04-19,25,3,9.0,37.33,13.16
438,90,2023-06-28,13,4,5.0,7.21,335.88
439,67,2023-04-07,18,9,9.0,,283.20000000000005
440,61,2023-02-13,32,3,6.0,26.02,149.73000000000002
441,17,2023-10-03,49,5,2.0,15.76,133.75
442,57,2023-12-21,38,8,2.0,25.17,230.6
443,24,2023-10-29,1,4,8.0,42.52,119.31
444,25,2023-04-11,11,4,9.0,16.27,64.35
445,5,2023-12-03,50,4,4.0,46.13,14.23
446,50,2023-04-23,45,7,9.0,7.91,66.69
447,88,2023-08-23,5,3,5.0,9.02,34.32
448,31,2023-01-09,32,6,9.0,31.97,210.4
449,55,2023-07-31,11,9,8.0,27.94,93.45
450,26,2023-03-06,30,8,7.0,35.22,52.42
451,21,2023-04-07,34,4,5.0,6.96,32.72
452,98,2023-12-30,42,4,2.0,16.71,281.34000000000003
453,58,2023-12-08,49,8,6.0,36.64,93.12
454,24,2023-10-08,14,3,3.0,20.5,297.0
455,28,2023-01-03,20,3,3.0,18.71,42.94
456,30,2023-04-19,42,1,5.0,41.89,116.20000000000002
457,34,2023-07-23,13,8,5.0,40.82,32.31
458,54,2023-09-01,45,1,3.0,38.52,34.13
459,52,2023-10-12,44,10,6.0,33.24,51.17999999999999
460,87,2023-12-18,17,6,3.0,47.95,7.64
461,8,2023-03-07,38,5,3.0,5.95,167.28
462,10,2023-07-30,15,9,6.0,11.87,143.85000000000002
463,55,2023-01-22,37,7,6.0,25.69,120.8
464,1,2023-04-22,5,5,4.0,17.63,113.76
465,84,2023-07-17,48,2,6.0,18.2,90.9
466,37,2023-10-17,1,7,1.0,49.11,36.56
467,82,2023-04-17,50,6,4.0,6.99,304.64
468,21,2023-05-11,38,9,7.0,6.17,224.91
469,4,2023-01-28,12,8,1.0,47.08,92.16
470,43,2023-08-21,45,5,3.0,12.2,150.56
471,66,2023-05-28,6,3,6.0,6.93,134.88
472,21,2023-11-24,41,3,7.0,25.63,130.02
473,37,2023-10-13,47,10,6.0,44.69,238.62
474,69,2023-08-14,17,1,8.0,18.77,155.52
475,81,2023-11-01,17,2,8.0,46.95,22.32
476,48,2023-12-03,11,5,8.0,43.94,211.79999999999998
477,11,2023-07-04,6,10,9.0,17.62,146.04
478,95,2023-11-16,24,5,2.0,24.59,233.28000000000003
479,92,2023-11-04,48,4,1.0,46.57,290.35999999999996
480,44,2023-09-08,4,1,9.0,10.55,91.92
481,64,2023-03-03,39,6,3.0,7.79,152.53
482,32,2023-04-17,49,9,8.0,13.49,153.68
483,21,2023-10-01,19,9,6.0,15.15,146.94
484,71,2023-02-15,31,8,3.0,13.07,309.60999999999996
485,10,2023-03-04,17,3,9.0,6.43,30.54
486,61,2023-01-23,32,6,7.0,37.29,238.0
487,92,2023-08-14,43,2,8.0,12.29,90.42
488,36,2023-04-13,48,6,6.0,25.49,123.24
489,84,2023-05-18,22,3,2.0,10.42,35.52
490,77,2023-09-19,34,2,6.0,21.45,44.050000000000004
491,19,2023-11-29,11,3,5.0,22.89,13.55
492,75,2023-03-03,45,10,3.0,46.08,98.66
493,99,2023-06-20,32,7,3.0,36.74,136.24
494,98,2023-09-05,20,8,3.0,45.78,97.56
495,44,2023-11-12,3,5,7.0,27.01,74.28
496,4,2023-10-01,20,7,2.0,12.62,280.26
497,13,2023-07-16,32,2,4.0,23.43,228.51
498,59,2023-11-13,20,6,7.0,31.72,103.2
499,2,2023-06-03,40,8,8.0,29.36,200.88
500,1,2023-05-23,40,6,9.0,45.33,79.3
501,40,2023-11-14,34,5,4.0,31.66,8.8
502,25,2023-07-01,45,9,2.0,16.55,251.16000000000003
503,59,2023-03-23,45,3,9.0,47.87,116.82000000000001
504,37,2023-01-30,31,10,4.0,12.83,169.04999999999998
505,100,2023-07-18,40,7,8.0,26.44,125.72
506,70,2023-01-29,13,2,6.0,44.94,104.49
507,7,2023-07-22,17,9,5.0,36.95,95.64
508,4,2023-05-14,17,8,7.0,29.09,191.70000000000002
509,99,2023-12-07,7,10,5.0,35.95,148.5
510,41,2023-06-28,5,2,4.0,24.7,267.21000000000004
511,61,2023-03-28,46,2,6.0,22.86,148.53
512,34,2023-07-01,21,2,8.0,33.25,237.54000000000002
513,29,2023-09-24,31,10,3.0,38.17,124.88
514,69,2023-02-13,13,8,9.0,47.19,165.42000000000002
515,27,2023-11-12,34,10,6.0,42.64,209.43
516,97,2023-05-23,27,9,8.0,48.23,171.89999999999998
517,52,2023-05-01,19,10,4.0,10.21,325.08
518,74,2023-02-26,7,4,1.0,49.53,121.35000000000001
519,54,2023-12-27,3,6,3.0,14.01,48.01
520,70,2023-05-24,27,2,9.0,8.64,54.84
521,34,2023-04-30,47,2,6.0,34.56,19.59
522,8,2023-11-05,26,1,2.0,35.31,18.03
523,95,2023-10-16,14,8,7.0,48.82,18.48
524,73,2023-03-29,28,7,9.0,39.7,426.42
525,85,2023-01-30,38,3,2.0,22.67,42.5
526,8,2023-02-21,46,7,4.0,32.0,51.75
527,68,2023-09-18,22,5,8.0,32.43,242.04999999999998
528,86,2023-07-12,44,2,1.0,39.44,179.84
529,92,2023-06-04,6,1,3.0,31.15,261.65999999999997
530,68,2023-12-11,50,5,1.0,22.39,139.74
531,85,2023-10-01,26,5,6.0,35.67,145.15
532,72,2023-11-09,13,8,5.0,15.8,48.69
533,84,2023-06-10,7,1,6.0,20.73,37.08
534,96,2023-08-30,48,1,7.0,,181.85999999999999
535,1,2023-12-04,10,8,8.0,41.73,174.32
536,6,2023-03-14,11,10,1.0,8.19,243.04
537,92,2023-03-15,9,1,8.0,,90.86
538,31,2023-08-17,27,7,8.0,46.65,75.66
539,74,2023-12-17,17,10,5.0,30.17,137.16
540,84,2023-11-26,32,5,9.0,14.8,169.12
541,8,2023-12-31,31,7,9.0,49.68,225.54
542,22,2023-06-26,38,8,5.0,44.63,50.94
543,93,2023-08-16,39,7,4.0,8.07,80.8
544,9,2023-09-28,49,7,4.0,15.36,77.46000000000001
545,44,2023-03-03,7,7,2.0,33.9,185.31
546,47,2023-12-10,49,1,7.0,13.95,148.24
547,1,2023-11-09,7,8,3.0,29.17,87.52
548,52,2023-06-21,2,6,5.0,12.46,301.21000000000004
549,39,2023-04-08,48,3,7.0,35.27,17.78
550,90,2023-06-28,2,3,3.0,28.91,406.26
551,75,2023-10-30,22,5,6.0,,120.3
552,99,2023-04-19,47,1,9.0,11.02,143.71
553,88,2023-11-25,1,5,9.0,28.88,102.55
554,97,2023-05-01,23,8,6.0,19.03,74.0
555,84,2023-01-03,37,4,1.0,32.57,25.24
556,27,2023-10-01,27,9,5.0,14.15,32.04
557,79,2023-05-24,21,7,9.0,46.64,50.08
558,33,2023-07-15,21,7,3.0,24.71,36.3
559,71,2023-12-08,40,6,6.0,24.43,390.32
560,98,2023-08-31,35,3,1.0,40.38,63.26
561,45,2023-04-04,50,7,5.0,45.84,109.14000000000001
562,60,2023-12-24,47,7,4.0,27.23,107.82
563,58,2023-05-01,31,6,8.0,39.71,74.48
564,51,2023-05-31,28,1,3.0,11.48,159.12
565,46,2023-07-30,37,3,3.0,16.36,202.08
566,5,2023-01-08,10,2,1.0,36.18,334.08
567,58,2023-11-08,9,7,1.0,46.7,152.5
568,94,2023-06-27,21,2,9.0,10.27,41.28
569,92,2023-01-27,24,5,7.0,11.05,185.13
570,18,2023-09-06,49,3,3.0,48.89,51.03
571,36,2023-05-13,40,2,6.0,9.11,425.16
572,67,2023-04-20,44,6,2.0,6.93,144.89999999999998
573,21,2023-03-31,43,3,8.0,28.93,287.55
574,46,2023-01-27,14,2,5.0,15.1,340.74
575,58,2023-07-08,48,6,1.0,18.39,25.8
576,80,2023-09-01,10,3,4.0,32.81,58.5
577,37,2023-04-22,28,7,6.0,20.81,87.39
578,63,2023-03-25,27,7,7.0,49.8,64.1
579,5,2023-03-20,38,3,6.0,15.27,75.18
580,78,2023-05-27,35,1,6.0,43.94,81.28
581,31,2023-05-02,7,5,2.0,44.39,168.64
582,88,2023-04-07,42,6,1.0,24.69,38.61
583,99,2023-12-14,46,8,8.0,49.88,110.32
584,36,2023-10-20,38,4,4.0,17.73,194.16
585,74,2023-12-25,7,7,4.0,9.1,146.55
586,91,2023-05-27,22,6,2.0,30.52,53.7
587,56,2023-07-25,4,6,5.0,5.34,21.72
588,27,2023-02-21,12,10,,26.34,5.84
589,23,2023-02-19,43,3,6.0,42.66,82.56
590,77,2023-02-01,12,1,9.0,23.89,175.52
591,80,2023-05-27,30,6,7.0,14.18,20.21
592,99,2023-09-26,15,2,8.0,16.5,159.12
593,91,2023-04-22,20,4,6.0,46.12,214.48000000000002
594,52,2023-08-20,27,1,1.0,34.8,123.75
595,47,2023-12-21,44,8,5.0,12.26,102.14999999999999
596,81,2023-11-24,17,2,4.0,25.84,23.04
597,62,2023-04-05,36,10,9.0,32.66,196.25
598,61,2023-10-29,18,4,6.0,27.73,283.44
599,48,2023-07-28,17,7,7.0,40.33,82.8
600,1,2023-03-07,11,6,6.0,5.28,86.37
601,11,2023-03-30,10,7,6.0,17.65,293.23
602,76,2023-09-30,36,10,1.0,30.86,165.24
603,14,2023-10-29,26,7,1.0,29.25,101.78999999999999
604,72,2023-08-08,27,2,8.0,9.68,20.79
605,95,2023-06-15,16,6,8.0,12.88,48.44
606,7,2023-07-24,28,5,9.0,38.88,42.82
607,46,2023-01-05,5,8,3.0,29.07,41.54
608,31,2023-06-24,39,7,2.0,33.8,245.0
609,16,2023-02-10,22,4,8.0,41.75,154.85
610,42,2023-08-30,40,3,7.0,31.27,68.0
611,39,2023-12-01,50,4,1.0,19.13,34.85
612,54,2023-12-25,24,7,1.0,28.55,9.83
613,44,2023-01-05,45,6,7.0,10.87,431.28000000000003
614,83,2023-08-03,39,8,6.0,17.24,277.46999999999997
615,8,2023-09-29,44,8,6.0,34.48,24.93
616,93,2023-01-30,44,7,8.0,6.85,218.45
617,66,2023-06-20,23,7,1.0,5.04,152.20000000000002
618,42,2023-06-03,29,6,1.0,44.92,136.35
619,67,2023-07-23,47,9,6.0,48.39,42.3
620,93,2023-08-08,44,6,6.0,45.75,443.79
621,79,2023-01-23,7,4,2.0,14.7,81.84
622,92,2023-04-21,14,8,6.0,38.96,105.56
623,32,2023-10-27,14,3,2.0,25.54,216.44
624,94,2023-07-03,18,8,6.0,8.19,13.69
625,51,2023-09-11,41,3,8.0,40.77,33.66
626,47,2023-05-11,31,10,5.0,41.37,279.71999999999997
627,94,2023-06-03,5,6,8.0,37.49,74.76
628,34,2023-05-06,19,1,3.0,49.84,115.12
629,13,2023-05-01,49,3,1.0,49.65,90.9
630,97,2023-05-09,3,9,4.0,13.07,47.52
631,81,2023-12-18,28,2,9.0,40.79,94.74
632,67,2023-07-04,9,9,3.0,34.69,196.45
633,73,2023-04-21,44,3,3.0,37.69,48.24
634,11,2023-07-18,16,9,1.0,49.59,29.24
635,91,2023-03-28,24,7,4.0,42.65,164.56
636,28,2023-07-10,48,9,1.0,22.62,16.91
637,57,2023-09-13,31,4,8.0,47.19,80.48
638,66,2023-02-16,14,7,4.0,44.38,179.46
639,65,2023-09-09,29,5,8.0,36.78,106.80000000000001
640,70,2023-03-31,47,1,2.0,47.16,68.7
641,89,2023-07-25,15,7,6.0,25.8,302.47
642,35,2023-05-21,47,7,6.0,37.1,425.96999999999997
643,80,2023-11-15,46,4,8.0,5.18,105.87
644,4,2023-10-21,34,5,1.0,30.59,393.39
645,61,2023-06-09,5,9,4.0,37.57,33.64
646,38,2023-11-12,11,7,4.0,22.24,199.28
647,44,2023-12-06,19,1,7.0,44.06,96.55
648,84,2023-10-24,37,1,1.0,26.83,198.1
649,89,2023-12-27,9,4,2.0,17.71,115.97999999999999
650,71,2023-03-31,10,6,8.0,29.73,115.3
651,21,2023-10-13,47,8,7.0,45.75,279.92
652,7,2023-10-12,14,1,9.0,35.71,22.36
653,29,2023-02-22,13,10,8.0,47.75,229.0
654,7,2023-10-26,30,10,3.0,25.14,192.24
655,67,2023-05-19,15,9,7.0,34.63,45.78
656,93,2023-08-01,41,1,2.0,33.28,35.25
657,93,2023-10-01,14,2,9.0,15.76,43.8
658,70,2023-05-09,10,10,5.0,38.51,247.41
659,74,2023-06-17,47,5,6.0,8.06,119.92
660,55,2023-02-08,13,1,9.0,30.88,340.74
661,78,2023-07-13,38,3,3.0,13.01,214.38
662,22,2023-02-18,30,5,2.0,13.48,233.66000000000003
663,32,2023-08-03,46,9,4.0,49.09,128.52
664,82,2023-02-15,12,3,2.0,22.3,387.90000000000003
665,36,2023-05-03,45,3,4.0,28.38,154.62
666,9,2023-06-27,42,8,9.0,34.93,134.46
667,26,2023-01-23,50,7,9.0,27.42,35.49
668,22,2023-08-20,25,4,8.0,37.66,9.92
669,46,2023-12-15,9,3,5.0,6.17,28.2
670,87,2023-11-18,16,7,8.0,35.45,45.05
671,17,2023-12-08,33,6,2.0,19.6,203.45999999999998
672,26,2023-11-19,45,5,4.0,44.57,124.56
673,38,2023-02-02,17,4,1.0,11.45,143.24
674,2,2023-11-23,45,4,1.0,6.38,13.4
675,6,2023-04-13,50,10,4.0,7.74,168.5
676,71,2023-06-01,12,8,9.0,28.5,44.28
677,13,2023-05-03,16,5,4.0,14.69,74.22
678,91,2023-03-24,26,5,2.0,38.89,442.8
679,75,2023-04-13,22,6,5.0,7.5,135.6
680,55,2023-03-31,23,10,7.0,15.57,69.56
681,79,2023-08-27,18,5,7.0,42.36,349.78999999999996
682,63,2023-03-21,29,2,7.0,7.05,46.14
683,73,2023-04-24,28,2,2.0,40.44,124.53
684,72,2023-06-05,45,8,2.0,10.03,38.4
685,46,2023-12-08,9,10,9.0,42.92,5.53
686,6,2023-01-02,28,1,8.0,40.28,242.3
687,48,2023-09-23,29,1,1.0,14.84,194.10000000000002
688,60,2023-04-26,40,6,7.0,23.09,86.56
689,43,2023-12-04,44,8,7.0,25.61,229.95000000000002
690,68,2023-03-06,40,1,4.0,22.72,78.0
691,11,2023-09-05,36,6,4.0,14.5,56.52
692,58,2023-11-20,31,3,9.0,15.18,351.45
693,92,2023-07-09,42,1,3.0,36.08,87.33
694,90,2023-02-24,10,10,9.0,11.82,272.76
695,4,2023-10-20,44,8,2.0,17.69,130.08
696,79,2023-05-07,18,6,4.0,7.84,208.56
697,83,2023-01-20,17,1,5.0,14.81,222.88
698,70,2023-07-17,1,4,5.0,6.7,135.44
699,59,2023-08-01,27,6,4.0,36.43,121.14000000000001
700,5,2023-05-06,8,4,4.0,23.2,200.28000000000003
701,18,2023-07-10,19,3,4.0,22.0,101.35
702,70,2023-07-16,12,3,5.0,26.85,183.4
703,64,2023-06-19,13,1,8.0,16.76,45.06
704,95,2023-07-28,14,9,4.0,21.22,31.94
705,25,2023-05-25,9,4,3.0,31.59,268.17
706,4,2023-07-05,41,10,2.0,15.1,39.98
707,70,2023-05-14,19,10,3.0,25.79,28.17
708,41,2023-04-07,18,10,4.0,30.87,250.67000000000002
709,37,2023-10-06,43,7,3.0,11.21,80.32
710,59,2023-05-12,45,5,7.0,18.81,138.69
711,50,2023-11-15,35,10,6.0,29.85,135.64
712,56,2023-12-15,12,4,8.0,23.06,114.52
713,25,2023-06-19,24,5,7.0,37.22,361.04
714,34,2023-11-27,7,2,8.0,15.41,134.75
715,19,2023-04-13,15,1,2.0,26.18,89.10000000000001
716,98,2023-04-03,47,10,3.0,41.95,284.13
717,79,2023-04-06,44,2,4.0,11.42,151.62
718,8,2023-04-19,2,2,9.0,45.27,130.4
719,54,2023-04-02,15,8,2.0,25.13,87.92999999999999
720,47,2023-11-02,38,3,8.0,26.59,58.38
721,34,2023-03-13,7,8,3.0,33.62,36.949999999999996
722,82,2023-12-25,48,1,3.0,29.38,32.82
723,30,2023-02-28,45,2,8.0,42.05,40.38
724,13,2023-01-06,10,9,,13.4,225.04999999999998
725,47,2023-03-15,4,1,1.0,10.85,116.62
726,33,2023-12-11,10,4,4.0,16.86,436.05
727,35,2023-05-21,35,6,7.0,49.9,169.02
728,88,2023-08-21,31,2,7.0,9.45,119.46000000000001
729,26,2023-08-14,2,3,8.0,28.87,99.24
730,47,2023-11-12,39,2,5.0,39.8,378.64
731,53,2023-07-26,15,5,5.0,42.47,23.72
732,65,2023-01-16,17,8,4.0,48.08,273.54
733,77,2023-01-05,31,10,9.0,49.78,19.08
734,74,2023-06-30,14,9,8.0,29.85,12.3
735,19,2023-03-08,23,5,3.0,15.84,42.67
736,5,2023-11-24,47,5,9.0,28.4,140.25
737,8,2023-11-25,36,7,2.0,38.12,20.8
738,4,2023-09-19,24,6,3.0,26.45,37.68
739,49,2023-02-09,38,2,6.0,17.25,55.099999999999994
740,77,2023-12-02,30,1,4.0,41.99,88.32
741,38,2023-12-02,46,2,2.0,42.31,280.32
742,49,2023-10-25,43,1,7.0,29.78,204.75
743,83,2023-05-31,27,4,2.0,32.07,67.04
744,52,2023-08-06,19,6,9.0,28.11,197.44
745,50,2023-11-15,23,6,6.0,40.2,19.29
746,72,2023-10-13,7,7,4.0,44.92,253.11999999999998
747,91,2023-09-23,11,10,4.0,5.09,220.85000000000002
748,50,2023-04-10,44,3,8.0,48.81,123.12
749,30,2023-01-27,2,10,7.0,20.49,68.95
750,4,2023-12-26,10,6,5.0,22.96,167.28
751,75,2023-09-13,27,8,6.0,21.55,331.31
752,85,2023-07-30,49,6,6.0,43.0,44.16
753,66,2023-03-14,16,10,3.0,38.16,118.16
754,21,2023-09-13,18,9,4.0,13.05,380.24
755,81,2023-05-10,20,2,9.0,23.36,46.1
756,43,2023-12-22,20,6,6.0,5.12,43.48
757,29,2023-04-25,2,9,4.0,41.14,29.43
758,27,2023-08-30,28,10,5.0,15.63,164.99
759,88,2023-06-24,37,2,7.0,8.74,206.15
760,53,2023-11-08,36,5,3.0,34.73,256.08
761,49,2023-01-11,10,1,9.0,14.86,226.20000000000002
762,67,2023-07-22,42,3,6.0,29.71,77.72
763,10,2023-10-08,14,1,6.0,12.25,43.88
764,3,2023-12-18,7,10,9.0,40.55,157.62
765,90,2023-02-13,25,8,9.0,49.19,18.1
766,91,2023-05-22,11,10,8.0,9.84,42.95
767,69,2023-02-25,44,4,2.0,42.86,57.56
768,11,2023-01-06,38,9,7.0,27.04,45.900000000000006
769,13,2023-02-12,6,8,9.0,7.31,65.28
770,98,2023-04-14,41,8,8.0,28.46,158.0
771,38,2023-02-19,16,9,9.0,26.69,116.49
772,40,2023-12-24,15,2,6.0,45.11,156.94
773,33,2023-12-25,22,10,8.0,20.32,200.65
774,34,2023-03-17,1,9,1.0,39.09,70.68
775,27,2023-06-02,36,10,9.0,10.95,7.24
776,100,2023-12-04,34,1,9.0,22.48,299.04
777,90,2023-01-22,15,8,4.0,29.27,277.74
778,51,2023-05-27,7,8,3.0,13.17,138.96
779,89,2023-03-05,25,7,6.0,13.9,82.89000000000001
780,83,2023-12-12,4,6,8.0,16.04,77.28
781,21,2023-01-30,5,9,8.0,38.43,139.56
782,95,2023-10-21,38,6,7.0,47.46,130.2
783,29,2023-06-18,41,5,1.0,10.72,43.14
784,73,2023-12-29,32,1,4.0,29.66,333.76
785,19,2023-08-12,28,10,3.0,11.62,404.37
786,26,2023-04-14,42,2,5.0,7.44,18.9
787,25,2023-09-25,4,9,6.0,6.78,237.65
788,40,2023-11-09,35,1,2.0,24.3,31.72
789,29,2023-05-23,42,4,2.0,24.14,132.76
790,25,2023-10-16,14,8,1.0,34.89,290.24
791,19,2023-07-13,50,4,5.0,22.55,79.48
792,68,2023-05-02,18,8,5.0,15.34,7.79
793,45,2023-11-18,43,6,1.0,9.33,283.92
794,84,2023-02-06,41,4,3.0,30.7,41.92
795,46,2023-09-08,46,9,4.0,14.78,6.39
796,55,2023-01-26,11,4,1.0,21.97,347.58
797,1,2023-03-14,39,2,9.0,5.79,39.96
798,11,2023-02-20,43,4,3.0,16.21,332.0
799,68,2023-01-13,4,4,9.0,34.3,247.54999999999998
800,7,2023-05-28,28,1,9.0,10.54,46.34
801,92,2023-07-15,16,8,6.0,34.76,238.49
802,100,2023-01-08,35,3,3.0,43.72,234.25
803,58,2023-04-03,37,1,7.0,44.12,185.04
804,71,2023-01-15,43,7,1.0,12.08,133.56
805,20,2023-02-16,40,7,5.0,26.03,43.54
806,35,2023-08-16,45,8,7.0,45.26,89.75
807,51,2023-02-05,21,8,6.0,37.85,40.08
808,21,2023-07-29,26,2,8.0,43.99,168.08
809,44,2023-06-01,12,3,7.0,22.41,71.12
810,1,2023-03-03,45,9,9.0,27.46,85.88
811,67,2023-04-28,18,6,2.0,45.28,28.6
812,98,2023-07-01,6,2,1.0,24.31,75.74000000000001
813,13,2023-01-13,20,8,9.0,35.16,44.72
814,16,2023-01-08,8,4,5.0,24.11,209.82
815,34,2023-04-21,5,2,5.0,36.86,223.64999999999998
816,24,2023-06-17,32,7,6.0,32.6,180.25
817,13,2023-12-17,30,9,5.0,24.87,185.28
818,6,2023-05-28,43,3,2.0,29.71,81.66
819,39,2023-08-23,28,8,4.0,31.92,67.28
820,2,2023-03-07,33,9,6.0,,332.64
821,11,2023-03-24,44,10,4.0,35.46,82.08
822,7,2023-03-31,42,7,8.0,37.12,46.18
823,7,2023-04-12,19,10,9.0,48.65,37.3
824,39,2023-07-04,30,9,2.0,8.04,46.44
825,76,2023-03-14,14,6,2.0,13.44,88.27
826,86,2023-06-28,45,1,3.0,19.32,51.36
827,51,2023-02-04,10,1,3.0,47.57,205.44
828,52,2023-01-12,9,10,8.0,15.28,28.32
829,3,2023-04-19,26,5,6.0,30.43,384.56
830,77,2023-05-20,34,7,7.0,10.3,46.8
831,30,2023-12-27,18,1,1.0,17.18,174.8
832,10,2023-06-27,50,10,9.0,17.42,50.31
833,73,2023-08-12,48,5,6.0,36.88,35.25
834,6,2023-11-01,17,3,5.0,9.9,193.02
835,54,2023-03-16,50,3,6.0,39.06,122.95
836,66,2023-05-20,8,5,3.0,18.66,130.9
837,44,2023-04-04,31,8,7.0,38.01,174.69
838,80,2023-02-04,17,2,6.0,21.5,35.54
839,63,2023-07-22,23,10,7.0,24.19,183.54
840,77,2023-08-30,38,7,7.0,10.66,218.64
841,48,2023-10-23,10,5,2.0,9.81,51.379999999999995
842,77,2023-01-11,47,7,3.0,29.38,218.88
843,22,2023-09-16,13,9,4.0,33.67,140.9
844,19,2023-03-17,25,7,3.0,9.15,326.4
845,90,2023-02-21,23,10,6.0,11.27,117.76
846,14,2023-04-02,15,3,3.0,6.46,116.54999999999998
847,95,2023-05-12,46,8,3.0,12.31,42.72
848,93,2023-09-30,34,5,4.0,15.02,224.24
849,86,2023-11-16,5,1,1.0,36.08,431.55
850,7,2023-11-17,6,2,1.0,7.93,65.9
851,49,2023-09-27,13,7,6.0,35.93,287.46000000000004
852,41,2023-10-22,42,5,8.0,23.24,92.78999999999999
853,27,2023-09-18,13,1,4.0,11.43,122.08000000000001
854,31,2023-01-04,1,1,1.0,49.2,286.3
855,6,2023-03-23,6,3,6.0,27.69,218.21999999999997
856,16,2023-05-25,23,8,5.0,18.24,223.92
857,64,2023-11-24,42,7,,7.5,297.54
858,38,2023-06-02,34,7,1.0,19.14,102.33
859,60,2023-09-25,50,8,1.0,32.56,144.57
860,96,2023-05-31,2,8,1.0,16.06,14.12
861,97,2023-03-02,11,1,5.0,30.62,267.48
862,81,2023-08-08,7,10,5.0,17.52,85.86
863,33,2023-05-11,17,5,1.0,7.0,83.04
864,63,2023-03-14,8,2,9.0,23.59,297.36
865,11,2023-08-06,28,5,8.0,21.05,313.44
866,13,2023-10-22,39,10,2.0,16.07,97.08
867,94,2023-02-22,44,6,9.0,28.8,342.02
868,65,2023-08-14,21,10,7.0,22.53,45.839999999999996
869,30,2023-12-11,42,1,5.0,47.75,350.64
870,91,2023-11-16,19,7,9.0,32.96,128.8
871,23,2023-01-05,43,5,7.0,21.12,209.14999999999998
872,20,2023-09-01,7,5,5.0,14.65,78.8
873,6,2023-07-23,39,2,8.0,34.93,199.32
874,37,2023-06-15,35,8,1.0,46.41,250.02
875,84,2023-09-21,50,1,5.0,33.22,98.76
876,6,2023-05-31,11,2,4.0,42.32,274.75
877,93,2023-05-05,40,3,5.0,35.79,61.64
878,77,2023-10-26,41,9,7.0,47.62,46.38
879,27,2023-07-07,41,8,2.0,23.32,10.21
880,84,2023-08-12,28,10,4.0,39.77,74.94
881,13,2023-11-07,31,9,3.0,27.91,75.06
882,8,2023-03-24,37,1,9.0,7.23,128.7
883,53,2023-10-07,35,1,6.0,5.6,19.49
884,81,2023-03-25,26,1,1.0,24.13,48.52
885,30,2023-10-09,28,3,7.0,34.7,337.23
886,1,2023-11-10,32,7,8.0,43.85,63.72
887,88,2023-07-17,49,9,9.0,6.47,71.66
888,80,2023-12-12,44,4,3.0,47.38,22.97
889,75,2023-10-29,4,8,9.0,44.81,157.57000000000002
890,4,2023-03-30,1,4,7.0,44.31,48.35
891,62,2023-11-12,38,4,5.0,33.92,35.419999999999995
892,68,2023-06-04,40,6,9.0,26.0,237.89999999999998
893,17,2023-05-01,13,6,6.0,41.18,10.76
894,74,2023-04-28,21,5,5.0,14.28,153.48
895,85,2023-05-02,12,9,8.0,18.15,249.97
896,57,2023-10-14,13,10,1.0,12.77,72.03
897,63,2023-05-23,28,3,5.0,49.91,264.06
898,57,2023-11-24,48,9,9.0,13.65,219.96
899,49,2023-04-07,22,6,2.0,36.53,107.37
900,18,2023-07-09,45,8,2.0,25.79,149.8
901,58,2023-01-02,13,6,8.0,6.5,53.010000000000005
902,10,2023-04-29,48,5,9.0,8.66,86.44
903,63,2023-06-21,18,5,,46.82,56.78
904,80,2023-01-16,40,8,6.0,38.5,258.06
905,79,2023-11-21,32,9,6.0,29.57,328.58
906,34,2023-07-22,48,9,5.0,14.43,54.8
907,5,2023-03-27,30,6,9.0,5.29,314.32
908,17,2023-06-17,2,7,2.0,39.77,207.34
909,72,2023-04-17,38,7,8.0,19.05,71.85
910,63,2023-04-05,1,4,2.0,14.63,67.86
911,24,2023-09-14,24,7,6.0,12.75,218.82000000000002
912,92,2023-03-23,14,1,2.0,41.4,199.62
913,8,2023-07-06,9,6,4.0,32.93,244.68
914,23,2023-01-13,21,7,1.0,33.86,100.31
915,99,2023-08-08,19,10,3.0,46.64,103.26
916,31,2023-10-27,17,6,8.0,45.13,87.63
917,81,2023-10-06,14,5,5.0,35.62,166.59
918,28,2023-10-15,9,4,2.0,48.25,221.39999999999998
919,48,2023-02-04,7,1,3.0,15.3,261.0
920,12,2023-10-26,28,6,4.0,5.88,80.19
921,88,2023-11-21,38,2,7.0,46.48,39.07
922,79,2023-11-15,36,6,9.0,16.89,14.88
923,31,2023-10-20,41,2,6.0,48.79,237.35
924,91,2023-12-06,27,2,7.0,15.08,123.4
925,35,2023-06-22,31,9,2.0,17.53,229.62
926,55,2023-07-29,13,8,1.0,45.93,121.05000000000001
927,82,2023-08-29,46,10,1.0,41.57,259.12
928,36,2023-07-18,17,4,2.0,9.38,110.81
929,72,2023-09-20,24,6,6.0,30.9,22.94
930,60,2023-01-29,43,3,8.0,12.1,302.48
931,38,2023-03-19,9,7,8.0,8.23,48.54
932,69,2023-07-04,17,4,1.0,,17.49
933,54,2023-11-19,19,9,5.0,8.51,238.14000000000001
934,14,2023-01-10,11,5,5.0,26.24,394.8
935,20,2023-04-21,16,9,4.0,32.65,114.64
936,9,2023-06-14,39,1,9.0,47.26,81.28
937,97,2023-10-12,25,9,8.0,46.46,45.85
938,82,2023-03-06,37,5,8.0,32.34,83.46
939,70,2023-05-22,48,1,5.0,27.62,70.78
940,2,2023-08-24,1,6,3.0,34.27,230.57999999999998
941,30,2023-01-03,4,6,3.0,46.62,21.58
942,6,2023-03-29,27,3,3.0,49.59,64.32
943,81,2023-08-11,21,5,5.0,6.49,43.84
944,41,2023-01-04,48,9,2.0,48.63,67.33999999999999
945,23,2023-04-22,48,9,3.0,41.14,229.62
946,31,2023-12-03,34,5,5.0,8.38,123.24
947,20,2023-09-01,25,2,5.0,41.01,59.3
948,5,2023-03-24,19,9,3.0,34.82,45.32
949,21,2023-11-03,41,9,8.0,45.76,116.16
950,75,2023-01-29,10,9,4.0,25.6,19.64
951,68,2023-10-19,9,4,3.0,27.65,31.28
952,87,2023-11-06,8,4,2.0,42.68,38.03
953,61,2023-10-10,29,3,8.0,26.77,222.66
954,94,2023-12-26,48,10,1.0,28.69,185.15
955,42,2023-02-12,42,6,5.0,16.0,26.76
956,41,2023-10-30,20,8,5.0,19.87,410.40000000000003
957,61,2023-07-17,23,6,6.0,17.94,80.1
958,82,2023-01-29,4,9,5.0,7.05,11.25
959,52,2023-05-08,15,8,4.0,,137.15
960,41,2023-06-21,3,10,3.0,42.92,246.24
961,60,2023-03-25,24,1,2.0,39.66,147.76
962,95,2023-03-04,44,3,6.0,16.1,126.48
963,30,2023-11-27,25,8,4.0,31.38,102.06
964,98,2023-07-22,21,4,6.0,27.07,17.04
965,95,2023-05-18,36,6,8.0,41.74,40.44
966,38,2023-08-08,47,2,4.0,20.91,23.82
967,89,2023-08-16,33,6,9.0,6.65,145.95000000000002
968,17,2023-11-28,35,2,6.0,44.93,90.98
969,100,2023-12-19,43,2,8.0,35.16,146.92
970,40,2023-06-16,29,3,9.0,13.18,247.95000000000002
971,30,2023-02-01,38,5,4.0,14.26,285.39
972,66,2023-09-01,37,4,6.0,22.92,425.25
973,24,2023-12-14,19,2,6.0,26.44,260.82
974,73,2023-11-10,43,10,5.0,19.86,6.25
975,1,2023-01-22,36,2,4.0,28.21,163.32
976,88,2023-08-14,40,3,9.0,45.16,90.30000000000001
977,38,2023-11-14,36,9,9.0,33.35,429.03000000000003
978,64,2023-10-25,2,2,1.0,21.63,10.39
979,27,2023-12-30,30,8,5.0,43.72,85.5
980,90,2023-12-22,21,9,3.0,36.31,111.89999999999999
981,90,2023-06-19,38,3,6.0,31.72,46.26
982,7,2023-09-08,36,10,3.0,28.24,16.86
983,89,2023-06-01,47,7,6.0,8.95,33.72
984,80,2023-09-11,35,6,2.0,31.68,60.08
985,42,2023-08-21,28,2,9.0,22.92,76.48
986,18,2023-11-05,50,10,9.0,29.76,24.51
987,81,2023-10-07,15,7,4.0,10.58,156.64
988,44,2023-05-03,43,10,7.0,40.38,41.7
989,70,2023-11-25,31,3,3.0,28.04,44.89
990,20,2023-02-11,28,6,,42.39,116.82000000000001
991,23,2023-08-26,5,7,9.0,14.31,15.1
992,12,2023-11-13,5,2,3.0,47.21,48.79
993,12,2023-10-31,7,6,6.0,31.02,123.84
994,34,2023-05-24,42,9,1.0,8.41,79.06
995,8,2023-02-06,42,5,8.0,19.12,187.04
996,27,2023-04-05,4,7,1.0,49.22,217.85
997,49,2023-10-26,40,6,9.0,32.6,31.619999999999997
998,72,2023-09-12,45,7,3.0,23.89,67.1
999,55,2023-01-01,37,1,5.0,46.21,102.2
1000,97,2023-08-10,28,3,2.0,21.26,15.08
